-- phpMyAdmin SQL Dump
-- version 4.6.5.2
-- https://www.phpmyadmin.net/
--
-- Host: localhost
-- Czas generowania: 16 Cze 2017, 19:00
-- Wersja serwera: 10.1.19-MariaDB-cll-lve
-- Wersja PHP: 5.6.30

SET SQL_MODE = "NO_AUTO_VALUE_ON_ZERO";
SET time_zone = "+00:00";


/*!40101 SET @OLD_CHARACTER_SET_CLIENT=@@CHARACTER_SET_CLIENT */;
/*!40101 SET @OLD_CHARACTER_SET_RESULTS=@@CHARACTER_SET_RESULTS */;
/*!40101 SET @OLD_COLLATION_CONNECTION=@@COLLATION_CONNECTION */;
/*!40101 SET NAMES utf8mb4 */;

--
-- Baza danych: `rentabik_db`
--
CREATE DATABASE IF NOT EXISTS `rentabik_db` DEFAULT CHARACTER SET utf8 COLLATE utf8_general_ci;
USE `rentabik_db`;

-- --------------------------------------------------------

--
-- Struktura tabeli dla tabeli `admin`
--

CREATE TABLE `admin` (
  `login` varchar(15) NOT NULL
) ENGINE=InnoDB DEFAULT CHARSET=latin1;

--
-- Zrzut danych tabeli `admin`
--

INSERT INTO `admin` (`login`) VALUES
('admin'),
('aletha55'),
('alexis.larson'),
('amy.koepp'),
('carter.general'),
('cbosco'),
('clint.emard'),
('cole.nora'),
('csatterfield'),
('cummings.samant'),
('dach.carolyn'),
('dietrich.eldora'),
('dina55'),
('elvie71'),
('euna.kirlin'),
('fahey.shemar'),
('frenner'),
('glover.kennedi'),
('gus47'),
('henri75'),
('hilpert.murray'),
('jack56'),
('jarred.ratke'),
('jast.hilda'),
('jbashirian'),
('jdouglas'),
('jleuschke'),
('joshuah.lesch'),
('koss.lilyan'),
('kozey.kennith'),
('ledner.damaris'),
('lehner.ethan'),
('lessie94'),
('mitchell.laney'),
('norene47'),
('obie.watsica'),
('pagac.may'),
('qconnelly'),
('sanford.sylvan'),
('schuyler18'),
('shemar.blick'),
('sherwood.eichma'),
('swift.adaline'),
('thompson.alfred'),
('torphy.aurelio'),
('uchamplin'),
('uleannon'),
('upaucek'),
('waters.juston'),
('wilma.fritsch');

-- --------------------------------------------------------

--
-- Struktura tabeli dla tabeli `awarie`
--

CREATE TABLE `awarie` (
  `id_awarii` int(11) NOT NULL,
  `status` int(11) NOT NULL,
  `opis` varchar(50) DEFAULT NULL,
  `id_rower` int(10) DEFAULT NULL
) ENGINE=InnoDB DEFAULT CHARSET=latin1;

--
-- Zrzut danych tabeli `awarie`
--

INSERT INTO `awarie` (`id_awarii`, `status`, `opis`, `id_rower`) VALUES
(1, 2, 'Sit non nihil corporis sit quis enim. Beatae accus', NULL),
(6, 2, 'Voluptate adipisci quo mollitia beatae et quis. Co', NULL),
(9, 1, 'Explicabo adipisci omnis aut sed. Possimus volupta', NULL),
(11, 2, 'Omnis fugit minus fugiat dolorem optio. Quia aliqu', NULL),
(12, 2, 'Fuga doloremque fugiat natus quis. Id qui praesent', NULL),
(18, 1, 'Aut voluptates hic architecto corrupti eaque adipi', NULL),
(27, 1, 'Dolore et pariatur incidunt asperiores nulla offic', NULL),
(304, 1, 'nie dzia?a', 20),
(305, 1, 'nie dziala', 2),
(306, 1, 'xd', 381),
(307, 1, 'nie dzia?a', 3);

-- --------------------------------------------------------

--
-- Struktura tabeli dla tabeli `konto`
--

CREATE TABLE `konto` (
  `login` varchar(15) CHARACTER SET latin1 NOT NULL DEFAULT '',
  `haslo` varchar(15) CHARACTER SET latin1 NOT NULL,
  `mail` varchar(50) COLLATE utf8_unicode_ci DEFAULT NULL,
  `imie` varchar(50) COLLATE utf8_unicode_ci DEFAULT NULL,
  `nazwisko` varchar(30) CHARACTER SET latin1 NOT NULL
) ENGINE=InnoDB DEFAULT CHARSET=utf8 COLLATE=utf8_unicode_ci;

--
-- Zrzut danych tabeli `konto`
--

INSERT INTO `konto` (`login`, `haslo`, `mail`, `imie`, `nazwisko`) VALUES
('abbigail83', 'quas', 'mario77@gmail.com', 'Joanie', 'Nolan'),
('abbott.chadrick', 'eius', 'verda64@hotmail.com', 'Sabina', 'Collins'),
('abradtke', 'eveniet', 'sydney93@hotmail.com', 'Sylvan', 'Skiles'),
('abshire.cielo', 'nostrum', 'sweimann@yahoo.com', 'Felicia', 'Mueller'),
('adaline27', 'illo', 'thuels@yahoo.com', 'Anika', 'Gulgowski'),
('adams.jerod', 'qui', 'torphy.lelia@yahoo.com', 'Jerald', 'Medhurst'),
('addison08', 'est', 'homenick.ryley@gmail.com', 'Maverick', 'Abshire'),
('admin', 'admin', 'admin@admin.pl', 'Marian', 'Fajowy'),
('aglae07', 'voluptas', 'natalia.hagenes@hotmail.com', 'Heath', 'Heller'),
('aheidenreich', 'aut', 'cara55@yahoo.com', 'Margaret', 'Bernhard'),
('ahmed.bode', 'neque', 'elyse59@gmail.com', 'Arvilla', 'Crist'),
('aida01', 'delectus', 'ekshlerin@hotmail.com', 'Estella', 'Orn'),
('aimee98', 'minus', 'moore.noemy@yahoo.com', 'Cordell', 'Satterfield'),
('aiyana85', 'voluptatum', 'jensen.leannon@gmail.com', 'Louisa', 'Willms'),
('alden.macejkovi', 'quas', 'estevan.swift@yahoo.com', 'Aylin', 'Hettinger'),
('aletha55', 'doloremque', 'erodriguez@hotmail.com', 'Morton', 'Ullrich'),
('alexis.larson', 'omnis', 'roberta95@yahoo.com', 'Makenzie', 'Ondricka'),
('alexis82', 'aliquam', 'al55@yahoo.com', 'Kristina', 'Emard'),
('alexys.konopels', 'non', 'sporer.monty@yahoo.com', 'Porter', 'Hansen'),
('alfonso.fritsch', 'qui', 'stanford.witting@gmail.com', 'Aron', 'Schuppe'),
('alfredo.mohr', 'aspernatur', 'vern72@yahoo.com', 'Francisca', 'Beer'),
('alisa.monahan', 'aut', 'tatyana07@hotmail.com', 'Zaria', 'Hintz'),
('allie71', 'et', 'arch49@hotmail.com', 'Adrain', 'Hammes'),
('althea.williams', 'consequatur', 'janet.rolfson@hotmail.com', 'Valentina', 'Thompson'),
('alvena02', 'qui', 'foster18@hotmail.com', 'Lonny', 'Aufderhar'),
('amaya79', 'recusandae', 'gulgowski.earnestine@hotmail.com', 'Abelardo', 'Greenholt'),
('amy.koepp', 'hic', 'charley87@yahoo.com', 'Nyah', 'Jenkins'),
('Andrzej ', 'maslo', 'and@nic.pl', 'Andrzej', 'Nic'),
('anna.heathcote', 'itaque', 'elna.yundt@gmail.com', 'Rahsaan', 'Koepp'),
('annabelle.mcder', 'illum', 'ukassulke@gmail.com', 'Rosalyn', 'Funk'),
('april18', 'architecto', 'nicolas.dana@gmail.com', 'Travis', 'Grady'),
('arely60', 'debitis', 'plarson@gmail.com', 'Waylon', 'Heller'),
('arielle.gislaso', 'qui', 'gina06@yahoo.com', 'Gregory', 'Bahringer'),
('arlene.roob', 'et', 'wgorczany@hotmail.com', 'Justyn', 'Wolff'),
('arthur40', 'minima', 'kunze.pauline@yahoo.com', 'Craig', 'Kuvalis'),
('assunta.stracke', 'sunt', 'rocky.prohaska@yahoo.com', 'Zachary', 'Von'),
('astreich', 'voluptate', 'felipa43@gmail.com', 'Napoleon', 'Denesik'),
('atoy', 'magni', 'hansen.edison@yahoo.com', 'Schuyler', 'Herman'),
('audie.veum', 'ut', 'reinger.emmitt@gmail.com', 'River', 'Schulist'),
('bailey.elbert', 'dolore', 'brendon59@yahoo.com', 'Meggie', 'Orn'),
('barton.lea', 'nemo', 'gage.muller@hotmail.com', 'Ottilie', 'Abernathy'),
('bauch.ben', 'vel', 'bernie.gutmann@gmail.com', 'Kaleigh', 'Walsh'),
('bayer.lavada', 'commodi', 'melissa.sawayn@gmail.com', 'Ryann', 'Brown'),
('bdickinson', 'accusantium', 'magnolia29@hotmail.com', 'Dovie', 'Walsh'),
('beahan.reta', 'ea', 'violette86@yahoo.com', 'Jeremie', 'Greenholt'),
('bechtelar.ernes', 'minima', 'tromp.marianna@hotmail.com', 'Judah', 'Langworth'),
('becker.manley', 'atque', 'adaugherty@hotmail.com', 'Quinten', 'Streich'),
('berneice15', 'fugiat', 'rebekah00@yahoo.com', 'Eula', 'Russel'),
('bernita.quitzon', 'ab', 'hudson.fritsch@gmail.com', 'Dina', 'Bradtke'),
('beth.morar', 'illo', 'horace.reynolds@gmail.com', 'Devyn', 'Shields'),
('bgorczany', 'culpa', 'doyle.hosea@gmail.com', 'Lonnie', 'Murphy'),
('bhackett', 'sed', 'beaulah34@hotmail.com', 'Mario', 'Cummerata'),
('bhand', 'sunt', 'frank.farrell@gmail.com', 'Franz', 'Beatty'),
('birdie38', 'est', 'santino.quitzon@hotmail.com', 'Dayton', 'Labadie'),
('bkulas', 'debitis', 'hoppe.yvette@hotmail.com', 'Ladarius', 'Kuvalis'),
('blanda.weston', 'velit', 'verda76@gmail.com', 'Daisy', 'Daniel'),
('bode.krista', 'veniam', 'ned.greenholt@yahoo.com', 'Kameron', 'Morar'),
('bpfeffer', 'dolores', 'rodrick.beahan@gmail.com', 'Edison', 'O\'Reilly'),
('bradly.schuster', 'commodi', 'dtowne@gmail.com', 'Lia', 'Jast'),
('brady.medhurst', 'harum', 'adan28@hotmail.com', 'Carmine', 'Fahey'),
('brakus.houston', 'id', 'charles.fritsch@yahoo.com', 'Norwood', 'Gutkowski'),
('brandy95', 'ut', 'kaya53@yahoo.com', 'Hayden', 'Satterfield'),
('brandyn.erdman', 'molestias', 'geoffrey58@hotmail.com', 'Michel', 'Boyer'),
('brendan.pacocha', 'debitis', 'weber.syble@gmail.com', 'Karen', 'Nienow'),
('brennon59', 'voluptas', 'marquis90@hotmail.com', 'Aurelia', 'Emard'),
('brittany35', 'minima', 'rosanna49@yahoo.com', 'Ericka', 'Terry'),
('bstrosin', 'distinctio', 'cathrine.emmerich@gmail.com', 'Michale', 'Haag'),
('bterry', 'dolore', 'treutel.brigitte@gmail.com', 'Winifred', 'Bogisich'),
('burdette30', 'et', 'adrien65@hotmail.com', 'David', 'Beer'),
('bwalker', 'pariatur', 'carley.lang@hotmail.com', 'Dorthy', 'Witting'),
('camilla46', 'ut', 'lakin.bert@yahoo.com', 'Marian', 'Spinka'),
('carissa.parker', 'sequi', 'rempel.neal@hotmail.com', 'Justina', 'Kautzer'),
('carmela43', 'sunt', 'eloisa.klocko@gmail.com', 'Quincy', 'Rolfson'),
('carmela99', 'dolor', 'brayan32@hotmail.com', 'Damion', 'Willms'),
('carmella28', 'quae', 'tfranecki@yahoo.com', 'Augusta', 'Crona'),
('carter.breana', 'excepturi', 'thiel.nicolas@yahoo.com', 'Ana', 'Kreiger'),
('carter.general', 'incidunt', 'jhills@yahoo.com', 'Jules', 'Bashirian'),
('casey16', 'id', 'wisozk.christopher@yahoo.com', 'Jan', 'Green'),
('casper.myrna', 'et', 'dvon@yahoo.com', 'Gilda', 'Cartwright'),
('cbosco', 'corporis', 'jessica.nitzsche@gmail.com', 'Aditya', 'Aufderhar'),
('ccassin', 'iusto', 'joyce.mohr@yahoo.com', 'Devyn', 'Strosin'),
('cecilia78', 'fugit', 'chaley@hotmail.com', 'Zelma', 'Considine'),
('cedrick.mertz', 'autem', 'franco.tremblay@hotmail.com', 'Collin', 'Cassin'),
('cemard', 'rerum', 'thiel.wilhelm@yahoo.com', 'Destiney', 'Wunsch'),
('champlin.darwin', 'non', 'marcellus13@hotmail.com', 'Wilford', 'Tromp'),
('chansen', 'quidem', 'aconroy@gmail.com', 'Salma', 'Miller'),
('christ.fisher', 'nemo', 'antonio.windler@gmail.com', 'Gay', 'VonRueden'),
('ciara.maggio', 'dolor', 'enrico57@hotmail.com', 'Perry', 'Kertzmann'),
('clara.rodriguez', 'quo', 'gschiller@gmail.com', 'Bridie', 'Dickinson'),
('clark17', 'voluptas', 'zoe.roberts@gmail.com', 'Tillman', 'Hane'),
('clemmie.lehner', 'nemo', 'roberto.torphy@gmail.com', 'Dax', 'O\'Hara'),
('cleveland.borer', 'quia', 'reilly.reynolds@hotmail.com', 'Oda', 'Ruecker'),
('clint.emard', 'et', 'moore.dane@gmail.com', 'Corbin', 'Veum'),
('clovis81', 'beatae', 'ajaskolski@yahoo.com', 'Rebeca', 'Torphy'),
('cloyd.stanton', 'reprehenderit', 'rosalind.bauch@yahoo.com', 'Chris', 'Hirthe'),
('cole.nora', 'praesentium', 'stiedemann.catalina@hotmail.com', 'Gertrude', 'White'),
('connelly.aaliya', 'mollitia', 'tjerde@hotmail.com', 'Jayde', 'Larson'),
('connelly.art', 'voluptatem', 'franco.kreiger@hotmail.com', 'Vena', 'Schuster'),
('connor68', 'eaque', 'katlynn.runolfsdottir@hotmail.com', 'Cathryn', 'Okuneva'),
('cooper.gislason', 'ut', 'neil26@yahoo.com', 'Marcia', 'Wehner'),
('corkery.mathild', 'rerum', 'jan.stark@gmail.com', 'Lois', 'Moore'),
('corkery.trisha', 'omnis', 'zjerde@hotmail.com', 'Lourdes', 'Macejkovic'),
('cristian87', 'possimus', 'nella.kuhlman@yahoo.com', 'Winona', 'Dare'),
('crona.fabian', 'mollitia', 'dora30@hotmail.com', 'Emily', 'Gerlach'),
('csatterfield', 'minus', 'skiles.cassandra@gmail.com', 'Hassie', 'Fahey'),
('cummings.samant', 'sapiente', 'tlakin@yahoo.com', 'Delmer', 'Auer'),
('cveum', 'esse', 'garfield85@gmail.com', 'Alessandro', 'Pagac'),
('dach.carolyn', 'quia', 'krystal.larson@yahoo.com', 'Harvey', 'Walter'),
('dach.rodolfo', 'rem', 'jessica29@hotmail.com', 'Briana', 'Koepp'),
('dach.tierra', 'quia', 'larson.rosalinda@hotmail.com', 'Cale', 'Wintheiser'),
('dagmar02', 'et', 'xprice@gmail.com', 'George', 'Steuber'),
('damaris.halvors', 'modi', 'seamus.fahey@yahoo.com', 'Dameon', 'Kessler'),
('damaris61', 'odio', 'bartell.zander@yahoo.com', 'Karolann', 'Pouros'),
('dandre.white', 'aut', 'romaguera.christina@hotmail.com', 'Sadie', 'Morissette'),
('dane.howell', 'ea', 'samir04@hotmail.com', 'D\'angelo', 'Cartwright'),
('daniela.raynor', 'omnis', 'efarrell@hotmail.com', 'Hattie', 'Bradtke'),
('daniella.carrol', 'earum', 'justice.lind@gmail.com', 'Annabell', 'Rolfson'),
('darien52', 'harum', 'dwight.haag@hotmail.com', 'Ike', 'Dicki'),
('dbernier', 'aliquid', 'brandyn41@hotmail.com', 'Christiana', 'Reichel'),
('deangelo.borer', 'fugit', 'bbeier@yahoo.com', 'Jalon', 'Jacobs'),
('dejah.hilll', 'sapiente', 'kessler.madison@hotmail.com', 'Anastasia', 'Predovic'),
('delta.mosciski', 'aspernatur', 'annie99@hotmail.com', 'Ettie', 'Kautzer'),
('demetris.lang', 'aut', 'zack.lindgren@gmail.com', 'John', 'Goldner'),
('dena.krajcik', 'ad', 'boyle.frederic@gmail.com', 'Delilah', 'O\'Connell'),
('dennis.reynolds', 'tenetur', 'kasandra75@hotmail.com', 'Kris', 'Herzog'),
('dennis80', 'eaque', 'ujohns@hotmail.com', 'Terry', 'Gutmann'),
('deon.haag', 'aut', 'marisol.marquardt@yahoo.com', 'Heber', 'McCullough'),
('devante.schinne', 'nisi', 'lindsay.gutmann@hotmail.com', 'Shakira', 'Schuppe'),
('dfriesen', 'maiores', 'buck.walker@hotmail.com', 'Herminio', 'Ryan'),
('dhammes', 'totam', 'reinhold.spinka@gmail.com', 'Madisen', 'Prohaska'),
('dibbert.josiane', 'mollitia', 'rdibbert@gmail.com', 'Lillian', 'Walsh'),
('dickens.maia', 'natus', 'ygusikowski@yahoo.com', 'Destiney', 'Pfannerstill'),
('dickens.scot', 'corporis', 'ygibson@yahoo.com', 'Jovanny', 'Beier'),
('diego.schmidt', 'dolore', 'pemmerich@gmail.com', 'Vella', 'Ortiz'),
('dietrich.eldora', 'iure', 'msimonis@gmail.com', 'Aleen', 'Rosenbaum'),
('dina55', 'officia', 'betsy18@hotmail.com', 'Juliana', 'Schuppe'),
('do\'kon', 'neque', 'al.hilll@hotmail.com', 'Estefania', 'Koelpin'),
('donavon00', 'quo', 'darrin.stark@yahoo.com', 'Jordane', 'Hayes'),
('donny67', 'et', 'champlin.euna@yahoo.com', 'Leilani', 'Schuppe'),
('doris20', 'quis', 'cole.mathilde@gmail.com', 'Anabelle', 'Halvorson'),
('dorris.kuvalis', 'deserunt', 'grady.devan@hotmail.com', 'May', 'Auer'),
('doyle.hettie', 'eveniet', 'kunde.mia@yahoo.com', 'Bell', 'McDermott'),
('doyle.neha', 'sunt', 'melany.hermann@yahoo.com', 'Chance', 'Padberg'),
('drew.weimann', 'unde', 'schaden.daryl@gmail.com', 'Clemens', 'Crooks'),
('dubuque.cody', 'itaque', 'hills.clemmie@hotmail.com', 'Vicente', 'Dicki'),
('dulce.oberbrunn', 'at', 'larkin.karine@yahoo.com', 'Ciara', 'Goodwin'),
('ebahringer', 'ut', 'clemmie04@yahoo.com', 'Elmira', 'Hagenes'),
('ebarrows', 'quis', 'pfannerstill.markus@gmail.com', 'Ellie', 'Ledner'),
('ebechtelar', 'vel', 'earnestine08@gmail.com', 'Andy', 'Fisher'),
('edgar.schmidt', 'cumque', 'arturo73@gmail.com', 'Jadyn', 'Harber'),
('edna.paucek', 'ut', 'crippin@hotmail.com', 'Barrett', 'Schamberger'),
('eichmann.meagha', 'reiciendis', 'pgleason@yahoo.com', 'Robbie', 'Ritchie'),
('ekassulke', 'quibusdam', 'qbartoletti@hotmail.com', 'Michael', 'Stoltenberg'),
('ekeeling', 'excepturi', 'nbosco@gmail.com', 'Ebony', 'Lowe'),
('eleanore32', 'ad', 'elza.kohler@hotmail.com', 'Rylan', 'Raynor'),
('elian.waters', 'necessitatibus', 'fkozey@gmail.com', 'Destinee', 'Baumbach'),
('eliezer62', 'laboriosam', 'maurice03@gmail.com', 'Ryley', 'Beatty'),
('elijah.flatley', 'ducimus', 'bradtke.kianna@yahoo.com', 'Quinn', 'Marvin'),
('elinor39', 'sed', 'vpurdy@gmail.com', 'Jadon', 'Dietrich'),
('elisa.konopelsk', 'aperiam', 'fschoen@yahoo.com', 'Jacynthe', 'Bosco'),
('ellsworth.hermi', 'laudantium', 'larson.roxane@hotmail.com', 'Kade', 'Funk'),
('elmore33', 'aut', 'maurice32@gmail.com', 'Schuyler', 'Christiansen'),
('elsa.pouros', 'numquam', 'heller.mollie@yahoo.com', 'Alan', 'Shields'),
('elvie71', 'debitis', 'ppouros@yahoo.com', 'Lavina', 'Durgan'),
('emcdermott', 'autem', 'mikayla35@gmail.com', 'Dannie', 'Bauch'),
('emmerich.consta', 'aut', 'dovie.aufderhar@hotmail.com', 'Cary', 'Stroman'),
('emmy86', 'eveniet', 'rosa64@yahoo.com', 'Kallie', 'Harris'),
('emory41', 'sapiente', 'stehr.william@hotmail.com', 'Kade', 'Shanahan'),
('enos95', 'iusto', 'sfahey@hotmail.com', 'Sibyl', 'Rath'),
('enrico.mueller', 'sed', 'herta78@hotmail.com', 'Larue', 'Steuber'),
('enrico72', 'dolorem', 'rene50@hotmail.com', 'Kendra', 'Prohaska'),
('eondricka', 'in', 'langosh.bradly@gmail.com', 'Neal', 'Bahringer'),
('erika.schroeder', 'exercitationem', 'dayna18@gmail.com', 'Gennaro', 'Kilback'),
('ethelyn30', 'suscipit', 'stanton.hilario@hotmail.com', 'Jason', 'Jacobs'),
('euna.kirlin', 'ut', 'mathilde.oberbrunner@gmail.com', 'Dangelo', 'Mraz'),
('eve.beer', 'sequi', 'alysa32@gmail.com', 'Ima', 'Buckridge'),
('eve.marquardt', 'dolor', 'marjorie10@yahoo.com', 'Cornelius', 'Schuster'),
('fahey.shemar', 'quam', 'ora.murphy@hotmail.com', 'Kailey', 'Mohr'),
('farrell.israel', 'at', 'margarete.schultz@yahoo.com', 'Aubrey', 'Corkery'),
('faustino.miller', 'inventore', 'akoelpin@gmail.com', 'Cynthia', 'Prohaska'),
('fay26', 'iure', 'felicity19@yahoo.com', 'Jeanne', 'Lowe'),
('fbayer', 'consequatur', 'cristopher33@gmail.com', 'Lauren', 'Parker'),
('feest.connie', 'quo', 'verlie.veum@gmail.com', 'Freddie', 'Stokes'),
('feest.maci', 'voluptatibus', 'becker.floy@gmail.com', 'Jordon', 'Kessler'),
('feest.reta', 'et', 'judd15@hotmail.com', 'Kirk', 'Funk'),
('felix.smitham', 'et', 'osvaldo.o\'kon@hotmail.com', 'Tania', 'Beatty'),
('fhirthe', 'a', 'znitzsche@hotmail.com', 'Devonte', 'Harvey'),
('fisher.laura', 'ab', 'chadrick.breitenberg@gmail.com', 'Evan', 'Hartmann'),
('freida21', 'enim', 'russell.kirlin@hotmail.com', 'Gideon', 'Shanahan'),
('frenner', 'saepe', 'marks.valentin@yahoo.com', 'Sunny', 'Roberts'),
('friesen.alfreda', 'iste', 'isabell35@hotmail.com', 'Erica', 'Hoeger'),
('funk.cloyd', 'et', 'marques92@gmail.com', 'Domenic', 'Moore'),
('fwalsh', 'mollitia', 'wintheiser.ezra@hotmail.com', 'Una', 'Funk'),
('fwiza', 'unde', 'antone.funk@yahoo.com', 'Chaz', 'Haag'),
('fzulauf', 'numquam', 'ruby.bode@gmail.com', 'Chaim', 'Hamill'),
('garth.langworth', 'voluptatem', 'concepcion.herman@gmail.com', 'Esta', 'Morar'),
('gcollier', 'sit', 'selmer.little@yahoo.com', 'Marc', 'Nicolas'),
('gennaro65', 'ut', 'koss.daryl@gmail.com', 'Veronica', 'Bergnaum'),
('georgiana06', 'sit', 'obailey@gmail.com', 'Jeanne', 'Armstrong'),
('gerhold.louisa', 'perferendis', 'schimmel.colton@gmail.com', 'Ashlynn', 'White'),
('gerlach.evie', 'sint', 'ubaumbach@yahoo.com', 'Dylan', 'Halvorson'),
('gerson46', 'perferendis', 'schmeler.jaida@gmail.com', 'Jaylon', 'Eichmann'),
('ghaley', 'dolor', 'suzanne.baumbach@gmail.com', 'Oleta', 'Beahan'),
('gideon.marquard', 'sint', 'etromp@gmail.com', 'Lee', 'Brekke'),
('gladys.lakin', 'corrupti', 'rae.runolfsson@yahoo.com', 'Tabitha', 'Effertz'),
('glen03', 'non', 'wintheiser.dax@yahoo.com', 'Damien', 'Jenkins'),
('glover.kennedi', 'sint', 'jratke@hotmail.com', 'Rick', 'Grady'),
('gregoria.reiche', 'voluptatibus', 'kaitlyn.goodwin@hotmail.com', 'Shad', 'Shanahan'),
('gudrun.barrows', 'et', 'kovacek.odell@gmail.com', 'Jermey', 'Schmidt'),
('guillermo.bogis', 'debitis', 'shaylee.carroll@gmail.com', 'Maude', 'Ondricka'),
('guiseppe33', 'est', 'juwan22@hotmail.com', 'Lesley', 'Adams'),
('gus47', 'magni', 'rtorp@gmail.com', 'Noemi', 'Dach'),
('gutkowski.demar', 'omnis', 'ymraz@gmail.com', 'Lorenz', 'Schumm'),
('gwen26', 'totam', 'nash35@hotmail.com', 'Sarina', 'Murray'),
('hackett.ernie', 'non', 'ferne.carroll@gmail.com', 'Dayana', 'O\'Hara'),
('hagenes.zander', 'doloremque', 'nathan.murphy@hotmail.com', 'Bailee', 'Sipes'),
('hane.michelle', 'praesentium', 'wuckert.phoebe@gmail.com', 'Cicero', 'Barrows'),
('hane.sigurd', 'neque', 'moriah.borer@hotmail.com', 'Mauricio', 'Morissette'),
('harmony61', 'omnis', 'eugene92@gmail.com', 'Humberto', 'Roberts'),
('harry.dubuque', 'ad', 'anibal.nikolaus@gmail.com', 'Melody', 'Franecki'),
('harvey.austin', 'qui', 'garland.beatty@gmail.com', 'Delaney', 'Murazik'),
('hayes.jasen', 'quae', 'lkoepp@yahoo.com', 'Mathew', 'Barrows'),
('hbradtke', 'in', 'orpha07@gmail.com', 'Trenton', 'Spencer'),
('heidi.nienow', 'culpa', 'jorn@gmail.com', 'Floyd', 'Braun'),
('henri75', 'dolor', 'ulices28@gmail.com', 'Leland', 'Russel'),
('herman.jon', 'labore', 'edwardo02@yahoo.com', 'Dominic', 'McClure'),
('herman98', 'esse', 'dmohr@yahoo.com', 'Kirstin', 'Stark'),
('herminio.hilll', 'ex', 'maida31@hotmail.com', 'Trey', 'Olson'),
('hershel.collier', 'dolor', 'cristobal13@hotmail.com', 'Rigoberto', 'Mante'),
('herzog.carrie', 'fugit', 'karina55@hotmail.com', 'Kameron', 'Parker'),
('hettinger.emmet', 'consequatur', 'alvena.wilkinson@hotmail.com', 'Ally', 'Gutkowski'),
('hgottlieb', 'natus', 'missouri.bergstrom@hotmail.com', 'Maiya', 'Kuhn'),
('hhills', 'harum', 'felicia.wisozk@gmail.com', 'Leonie', 'Erdman'),
('hickle.yasmin', 'illum', 'buck14@hotmail.com', 'Jeanette', 'Jakubowski'),
('hildegard.cassi', 'amet', 'stone23@hotmail.com', 'Claudine', 'Funk'),
('hilpert.murray', 'sint', 'tstiedemann@hotmail.com', 'Wilton', 'Ullrich'),
('hmclaughlin', 'quam', 'heidenreich.domenico@gmail.com', 'Leopoldo', 'Kertzmann'),
('hschinner', 'aut', 'isenger@gmail.com', 'Laney', 'Kris'),
('hudson.alycia', 'necessitatibus', 'wade.cassin@gmail.com', 'Bernadette', 'Olson'),
('hyatt.leopold', 'voluptatibus', 'marc48@yahoo.com', 'Jeffry', 'Armstrong'),
('iborer', 'quibusdam', 'christina21@yahoo.com', 'Wilma', 'Rowe'),
('ibrahim.rodrigu', 'saepe', 'jwiza@hotmail.com', 'Zechariah', 'Hand'),
('idenesik', 'consequatur', 'jenkins.ardith@gmail.com', 'Isabell', 'Reinger'),
('ilehner', 'ea', 'jarrod03@gmail.com', 'Raina', 'Huel'),
('imetz', 'pariatur', 'vena.grimes@gmail.com', 'Selena', 'Champlin'),
('imurphy', 'est', 'eva.hilll@hotmail.com', 'Dee', 'Wolff'),
('isai53', 'necessitatibus', 'maxine11@gmail.com', 'Mauricio', 'Heller'),
('ischaefer', 'est', 'hills.presley@hotmail.com', 'Edmund', 'Hartmann'),
('istreich', 'dolorem', 'tremblay.ilene@hotmail.com', 'Rodolfo', 'Schimmel'),
('iva56', 'voluptatem', 'daltenwerth@yahoo.com', 'Andreane', 'Smith'),
('jack56', 'consequatur', 'kiera.flatley@hotmail.com', 'Vita', 'Mueller'),
('jack97', 'quisquam', 'chase11@hotmail.com', 'Kareem', 'Carter'),
('jackeline.hagen', 'dolorem', 'ella81@gmail.com', 'Celine', 'Okuneva'),
('jackie.sanford', 'ut', 'xsteuber@gmail.com', 'Sonia', 'Tremblay'),
('jacobson.irma', 'molestias', 'carroll.hillary@gmail.com', 'Rossie', 'Rodriguez'),
('jadams', 'dolore', 'elvera14@hotmail.com', 'Jules', 'Huels'),
('jake04', 'reprehenderit', 'kaelyn60@yahoo.com', 'Colleen', 'Watsica'),
('jakubowski.stef', 'fugit', 'hodkiewicz.jazmyn@gmail.com', 'Orion', 'Carter'),
('jakubowski.verl', 'vero', 'mireya52@yahoo.com', 'Jordane', 'Bergstrom'),
('jalyn94', 'sed', 'medhurst.dina@yahoo.com', 'Camden', 'Hudson'),
('jamir.leannon', 'quaerat', 'lela25@gmail.com', 'Santina', 'Schimmel'),
('jan80', 'nobis', 'pweber@gmail.com', 'Allan', 'Kautzer'),
('janessa.wuckert', 'autem', 'nikki.bogisich@gmail.com', 'Kendra', 'Goldner'),
('Janusz123 ', 'janusz123', 'janusz@janusz.pl', 'Marek', 'Jurek'),
('jaqueline14', 'minus', 'collier.athena@hotmail.com', 'Eriberto', 'Watsica'),
('jarred.ratke', 'nemo', 'hessel.dashawn@hotmail.com', 'Alex', 'O\'Conner'),
('jarret68', 'consequuntur', 'armstrong.cordelia@hotmail.com', 'Katherine', 'Macejkovic'),
('jarrett26', 'voluptatibus', 'erich.kunde@yahoo.com', 'Octavia', 'Zboncak'),
('jast.hilda', 'eum', 'ithompson@gmail.com', 'Gwen', 'Ankunding'),
('jbashirian', 'fugiat', 'pschuster@yahoo.com', 'Destany', 'Kris'),
('jbradtke', 'sequi', 'mgulgowski@hotmail.com', 'Jenifer', 'Oberbrunner'),
('jdouglas', 'ducimus', 'audra74@yahoo.com', 'Aliya', 'Buckridge'),
('jeanne28', 'occaecati', 'edwin46@yahoo.com', 'Adrian', 'Hahn'),
('jenifer.lowe', 'itaque', 'kfeest@yahoo.com', 'Sam', 'Huels'),
('jenifer58', 'voluptas', 'carlie.wehner@gmail.com', 'Winifred', 'Reinger'),
('jerde.gladyce', 'repellat', 'kevon62@hotmail.com', 'Rae', 'Fritsch'),
('jjast', 'dolor', 'keagan66@hotmail.com', 'Anahi', 'Medhurst'),
('jkertzmann', 'quaerat', 'lura05@gmail.com', 'Sheridan', 'Treutel'),
('jkris', 'in', 'klesch@hotmail.com', 'Kraig', 'Fritsch'),
('jleuschke', 'ea', 'vgoodwin@gmail.com', 'Berenice', 'Crooks'),
('jo15', 'nihil', 'kulas.ryan@hotmail.com', 'Ericka', 'Casper'),
('joanie68', 'aliquam', 'batz.broderick@gmail.com', 'Alba', 'Lehner'),
('joanne.murazik', 'tenetur', 'hailee03@hotmail.com', 'Abdullah', 'Wintheiser'),
('joanny.lockman', 'incidunt', 'liza.miller@yahoo.com', 'Queenie', 'O\'Conner'),
('johnathon80', 'quam', 'irunte@gmail.com', 'Yessenia', 'Morissette'),
('johnnie.bartell', 'pariatur', 'fredrick.glover@hotmail.com', 'Roel', 'Labadie'),
('johnson.waldo', 'rerum', 'jprosacco@gmail.com', 'Marlon', 'Ortiz'),
('joshuah.lesch', 'possimus', 'harris.makenzie@yahoo.com', 'Adah', 'Hamill'),
('jroob', 'id', 'colten73@gmail.com', 'Ward', 'Strosin'),
('jrunte', 'voluptas', 'schroeder.damaris@gmail.com', 'Dell', 'Waters'),
('judge.skiles', 'et', 'kilback.raquel@gmail.com', 'Eugene', 'Metz'),
('june38', 'illo', 'nettie.block@yahoo.com', 'Craig', 'Barton'),
('justen.pfanners', 'ea', 'qzboncak@yahoo.com', 'Karelle', 'Gusikowski'),
('kailyn.feil', 'et', 'audie87@gmail.com', 'Deron', 'Vandervort'),
('kari81', 'vero', 'ernestine.casper@yahoo.com', 'Lucius', 'Schuppe'),
('kassulke.jamey', 'velit', 'wwisoky@yahoo.com', 'Vernie', 'Gottlieb'),
('kavon.rau', 'quia', 'emueller@yahoo.com', 'Oren', 'Paucek'),
('kaycee90', 'asperiores', 'rollin.kuhic@hotmail.com', 'Arely', 'Huel'),
('kchamplin', 'et', 'ally66@hotmail.com', 'Mary', 'Kuvalis'),
('keegan.haley', 'ipsa', 'annette25@gmail.com', 'Alayna', 'Hintz'),
('keith.daniel', 'quae', 'tracy.bergnaum@yahoo.com', 'Tod', 'Kassulke'),
('kelton28', 'corrupti', 'hwitting@hotmail.com', 'Marielle', 'Gerlach'),
('kenny04', 'error', 'ohowe@gmail.com', 'Nasir', 'Abshire'),
('khettinger', 'voluptatem', 'jones.mattie@gmail.com', 'Lilian', 'Tillman'),
('kiana.parker', 'voluptatum', 'bwunsch@gmail.com', 'Madilyn', 'Muller'),
('kianna.stroman', 'in', 'giovanna11@gmail.com', 'Loy', 'Morissette'),
('kiehn.tremaine', 'velit', 'royal62@yahoo.com', 'Wilhelm', 'Deckow'),
('king.fredrick', 'ut', 'elmo.lind@hotmail.com', 'Richmond', 'Doyle'),
('kling.woodrow', 'quaerat', 'janelle.wolff@gmail.com', 'Neha', 'Runolfsdottir'),
('kmoore', 'et', 'vkoepp@hotmail.com', 'Julie', 'Kilback'),
('kody72', 'asperiores', 'audrey58@hotmail.com', 'Christop', 'Volkman'),
('koepp.hildegard', 'dicta', 'ivy85@yahoo.com', 'Chet', 'Orn'),
('koepp.kay', 'qui', 'alexane.doyle@hotmail.com', 'Eliseo', 'Schimmel'),
('kory.hackett', 'illo', 'margarett07@gmail.com', 'Deborah', 'Harvey'),
('koss.gunnar', 'mollitia', 'wmitchell@yahoo.com', 'Bill', 'Hermiston'),
('koss.lilyan', 'sed', 'mcormier@hotmail.com', 'Roger', 'Huel'),
('kozey.kennith', 'at', 'lweber@gmail.com', 'Kolby', 'Thiel'),
('kreiger.alvera', 'officiis', 'delta.west@gmail.com', 'Tavares', 'Labadie'),
('kschmidt', 'corporis', 'littel.aimee@hotmail.com', 'Linwood', 'Blick'),
('kshlerin.sonny', 'ducimus', 'pansy26@hotmail.com', 'Mable', 'Schultz'),
('kunze.velva', 'et', 'marcella09@gmail.com', 'Raven', 'Okuneva'),
('kurt61', 'et', 'khalil34@yahoo.com', 'Elliott', 'Lindgren'),
('kutch.santiago', 'dolores', 'khessel@yahoo.com', 'Alana', 'Orn'),
('kylie94', 'cupiditate', 'tom91@gmail.com', 'Alice', 'Ernser'),
('lacey56', 'laboriosam', 'pietro75@yahoo.com', 'Jane', 'Huels'),
('laila03', 'ut', 'daniela.anderson@yahoo.com', 'Mabelle', 'Orn'),
('laisha.mayert', 'asperiores', 'jakubowski.arnoldo@yahoo.com', 'Tristin', 'Breitenberg'),
('lamar20', 'rerum', 'elmore.goyette@yahoo.com', 'Daniella', 'Hansen'),
('lane.langworth', 'quidem', 'willis.crona@hotmail.com', 'Darron', 'Lindgren'),
('lang.brant', 'quae', 'pruecker@gmail.com', 'Alexa', 'Armstrong'),
('langworth.jimmi', 'voluptates', 'zulauf.jeramie@hotmail.com', 'Louie', 'Moen'),
('larkin.brannon', 'quibusdam', 'addison.ebert@yahoo.com', 'Bernardo', 'Braun'),
('lauretta84', 'excepturi', 'aileen69@yahoo.com', 'Fletcher', 'Gleichner'),
('lauriane.kuvali', 'iste', 'margaret.rosenbaum@yahoo.com', 'Edgar', 'Lesch'),
('laurine.bahring', 'laboriosam', 'nbosco@hotmail.com', 'Aditya', 'Medhurst'),
('lbartoletti', 'est', 'bessie.stokes@gmail.com', 'Domenic', 'Blick'),
('lea84', 'est', 'langworth.celia@hotmail.com', 'Jamar', 'Hartmann'),
('leanna.skiles', 'et', 'fae34@yahoo.com', 'Dimitri', 'Champlin'),
('leda95', 'quisquam', 'cathy.muller@yahoo.com', 'Elvera', 'Fisher'),
('ledner.damaris', 'ratione', 'shane34@yahoo.com', 'Megane', 'Barrows'),
('lehner.ethan', 'sed', 'macejkovic.houston@gmail.com', 'Donavon', 'Padberg'),
('leila89', 'quasi', 'ahuel@hotmail.com', 'Lesley', 'Kertzmann'),
('lemke.jason', 'eos', 'qcrooks@yahoo.com', 'Carmel', 'Konopelski'),
('leon38', 'aut', 'brain.krajcik@hotmail.com', 'Ursula', 'Doyle'),
('leonard.langosh', 'nobis', 'mclaughlin.camden@yahoo.com', 'Leta', 'Jacobson'),
('lessie94', 'et', 'jewell31@yahoo.com', 'Crystel', 'Schoen'),
('leta.bednar', 'dolorem', 'hertha59@hotmail.com', 'Dante', 'Shields'),
('leta62', 'soluta', 'brown.tara@yahoo.com', 'Eveline', 'Kirlin'),
('lewis.koepp', 'numquam', 'heaney.princess@yahoo.com', 'Ross', 'Mraz'),
('liana82', 'mollitia', 'hudson.rosemarie@gmail.com', 'Edythe', 'Mitchell'),
('lilly49', 'fugit', 'cecile53@hotmail.com', 'Aryanna', 'Weimann'),
('lincoln.huels', 'nihil', 'sophie89@hotmail.com', 'Ulices', 'Gusikowski'),
('lind.woodrow', 'quibusdam', 'gzboncak@yahoo.com', 'Estrella', 'Leuschke'),
('lindgren.kenned', 'cumque', 'mwatsica@gmail.com', 'Nicklaus', 'Dickens'),
('lisandro84', 'temporibus', 'hilpert.helmer@hotmail.com', 'Boyd', 'Cremin'),
('litzy.fisher', 'sint', 'derek78@hotmail.com', 'Doyle', 'Maggio'),
('litzy92', 'explicabo', 'senger.brannon@hotmail.com', 'Dario', 'Deckow'),
('liza42', 'dolores', 'egoldner@yahoo.com', 'Jo', 'McLaughlin'),
('lockman.herman', 'quia', 'parisian.daniella@hotmail.com', 'Lauryn', 'Stokes'),
('lolita.reilly', 'sed', 'vspencer@yahoo.com', 'Holly', 'Bahringer'),
('lolita07', 'veniam', 'vito40@yahoo.com', 'Arden', 'West'),
('lolita54', 'tempora', 'walker.talia@hotmail.com', 'Ludie', 'Pollich'),
('lonzo63', 'tenetur', 'sfeeney@hotmail.com', 'Ervin', 'Boehm'),
('lpurdy', 'est', 'destinee.volkman@gmail.com', 'Melyssa', 'Hessel'),
('lueilwitz.madis', 'soluta', 'enader@hotmail.com', 'Dylan', 'Gerlach'),
('luella.o\'keefe', 'fugiat', 'sallie.ruecker@gmail.com', 'Keagan', 'Lockman'),
('luettgen.ladari', 'dolores', 'jkautzer@yahoo.com', 'Kyla', 'Grant'),
('luettgen.yasmin', 'dolorem', 'marquardt.thad@yahoo.com', 'Owen', 'Runte'),
('luigi.gleichner', 'saepe', 'steuber.berneice@yahoo.com', 'Noemy', 'Reichert'),
('luisa.koch', 'fugiat', 'olin81@gmail.com', 'Kaitlin', 'Bode'),
('luisa.kulas', 'consequatur', 'kcasper@hotmail.com', 'Lyric', 'Wintheiser'),
('lyost', 'unde', 'sawayn.dashawn@hotmail.com', 'Carissa', 'Jacobs'),
('m ', 'm', 'm', 'm', 'm'),
('mack93', 'quae', 'ehilpert@gmail.com', 'Hector', 'Brekke'),
('madonna28', 'incidunt', 'jpagac@hotmail.com', 'Marvin', 'Jast'),
('maida24', 'incidunt', 'heaney.olen@gmail.com', 'Maegan', 'Hirthe'),
('mallie.gorczany', 'numquam', 'gleichner.giovanni@hotmail.com', 'Fae', 'Cremin'),
('mandy81', 'quia', 'daren.lubowitz@yahoo.com', 'Nelle', 'Brakus'),
('mante.dudley', 'sed', 'ara.hagenes@hotmail.com', 'Oswaldo', 'Crooks'),
('Marek1234 ', 'marek1234', 'marek@marek.pl', 'Janusz', 'Marek'),
('mariana.streich', 'et', 'ara.armstrong@hotmail.com', 'Juana', 'O\'Kon'),
('marisa88', 'sint', 'mraz.emory@hotmail.com', 'Maxine', 'Mitchell'),
('marisol80', 'tenetur', 'lilyan.spencer@yahoo.com', 'Terrance', 'Runolfsson'),
('mark62', 'consequatur', 'ktrantow@hotmail.com', 'Jensen', 'Huel'),
('marquardt.dorca', 'architecto', 'abigale.gulgowski@hotmail.com', 'Shania', 'Fritsch'),
('mason91', 'quia', 'turner.marcia@yahoo.com', 'Schuyler', 'Schaefer'),
('mateo94', 'at', 'forrest23@hotmail.com', 'Taurean', 'Ebert'),
('maureen02', 'molestias', 'vince86@yahoo.com', 'Freddy', 'Schinner'),
('maximillia.croo', 'tempore', 'jakubowski.oswald@gmail.com', 'Bettye', 'Howe'),
('maximillia77', 'rerum', 'erwin.vonrueden@yahoo.com', 'Vidal', 'Dach'),
('maximo.reichel', 'corrupti', 'luciano.klein@gmail.com', 'Duncan', 'Dach'),
('may70', 'sed', 'elian21@hotmail.com', 'Eudora', 'Konopelski'),
('maye46', 'mollitia', 'destany.herzog@hotmail.com', 'Wilhelm', 'Bartoletti'),
('mccullough.rich', 'fugiat', 'emard.jamarcus@yahoo.com', 'Kamron', 'Runolfsdottir'),
('mcglynn.trycia', 'aperiam', 'cartwright.kenna@gmail.com', 'Lisette', 'Ernser'),
('meggie82', 'omnis', 'hilda76@yahoo.com', 'Nyah', 'Gusikowski'),
('melody67', 'facilis', 'douglas08@hotmail.com', 'Mike', 'Jacobson'),
('mertz.avis', 'magni', 'lind.anya@hotmail.com', 'Monty', 'Schoen'),
('michelle00', 'expedita', 'vpfannerstill@hotmail.com', 'Diamond', 'Osinski'),
('milan44', 'distinctio', 'sim.nitzsche@hotmail.com', 'Sadye', 'Schulist'),
('miles36', 'quos', 'kozey.bulah@hotmail.com', 'Emmitt', 'Batz'),
('miller.jerad', 'dolores', 'feeney.kelsie@hotmail.com', 'Maureen', 'Armstrong'),
('mitchell.laney', 'voluptates', 'jquigley@yahoo.com', 'Zella', 'Rolfson'),
('mmacejkovic', 'consectetur', 'karlie89@gmail.com', 'Harmon', 'Raynor'),
('modesto.pouros', 'qui', 'cade.roob@hotmail.com', 'Alvina', 'Kris'),
('mona.will', 'aperiam', 'lindgren.juanita@yahoo.com', 'Jewel', 'Aufderhar'),
('montana03', 'et', 'zmuller@yahoo.com', 'Reid', 'McGlynn'),
('mortimer.reinge', 'illo', 'trace.swaniawski@hotmail.com', 'Lavada', 'Hintz'),
('morton91', 'animi', 'bruen.zachariah@gmail.com', 'Alvis', 'Leannon'),
('mosciski.laila', 'aliquam', 'breitenberg.grayson@hotmail.com', 'Burley', 'Crist'),
('murphy.vandervo', 'omnis', 'runolfsson.theodore@yahoo.com', 'Marcos', 'Becker'),
('nader.anya', 'eveniet', 'ashlynn.white@gmail.com', 'Daphne', 'Rau'),
('nader.rosamond', 'voluptatem', 'schaefer.eloisa@yahoo.com', 'Erling', 'Connelly'),
('nakia83', 'ex', 'boyle.christelle@yahoo.com', 'Sincere', 'Gleichner'),
('nbrekke', 'qui', 'harley46@gmail.com', 'Ashley', 'Doyle'),
('neha.smith', 'laboriosam', 'schmidt.madaline@hotmail.com', 'Antonette', 'Nikolaus'),
('nelson58', 'minima', 'halle.skiles@gmail.com', 'Ryleigh', 'Langworth'),
('nfarrell', 'eos', 'lesch.marcella@hotmail.com', 'Dean', 'Thompson'),
('nic ', 'nic', 'nic', 'nic', 'nic'),
('nicolas.karolan', 'quo', 'shagenes@hotmail.com', 'Jaunita', 'Beier'),
('nicolas17', 'occaecati', 'kasey.muller@hotmail.com', 'Angelo', 'Kirlin'),
('nitzsche.kenna', 'vel', 'clemens54@gmail.com', 'Soledad', 'Keeling'),
('nmertz', 'voluptatum', 'kristopher23@yahoo.com', 'Earlene', 'White'),
('nola01', 'qui', 'keeling.jettie@hotmail.com', 'Arlie', 'Langworth'),
('norene47', 'cumque', 'madilyn.gleason@gmail.com', 'Jolie', 'Tromp'),
('o ', 'o', 'o', 'o', 'o'),
('o\'hara.romaine', 'sint', 'lueilwitz.sid@hotmail.com', 'Dejuan', 'Little'),
('obie.watsica', 'et', 'kevin42@gmail.com', 'Savannah', 'Oberbrunner'),
('ocartwright', 'exercitationem', 'bartoletti.trycia@yahoo.com', 'Cleora', 'Wunsch'),
('odeckow', 'aut', 'adam46@hotmail.com', 'Verda', 'Schmeler'),
('odie92', 'dolorem', 'dmann@hotmail.com', 'Muriel', 'Nienow'),
('ofelia60', 'eligendi', 'schroeder.margarett@yahoo.com', 'Alize', 'Hane'),
('ohayes', 'ut', 'hubert.cummerata@gmail.com', 'Hildegard', 'Weissnat'),
('okuneva.hilma', 'rerum', 'denesik.kennedy@gmail.com', 'Erna', 'Larkin'),
('ole42', 'ut', 'gerardo.bayer@yahoo.com', 'Casey', 'Green'),
('olga20', 'nobis', 'jeanne71@hotmail.com', 'Birdie', 'Larson'),
('omiller', 'quis', 'hegmann.julia@yahoo.com', 'Andres', 'Treutel'),
('omraz', 'non', 'jwest@hotmail.com', 'Jesus', 'Lindgren'),
('ona49', 'a', 'dasia.walsh@gmail.com', 'Solon', 'Schuster'),
('oreichert', 'dolor', 'nader.katelyn@hotmail.com', 'Dahlia', 'Schroeder'),
('oren.altenwerth', 'quo', 'beverly.klein@yahoo.com', 'Johnson', 'Kutch'),
('orie13', 'molestiae', 'wiza.curtis@yahoo.com', 'Makayla', 'Beahan'),
('orin66', 'facere', 'major26@hotmail.com', 'Reid', 'Barton'),
('ortiz.salma', 'quod', 'kfadel@yahoo.com', 'Katharina', 'Simonis'),
('osbaldo42', 'est', 'kariane.connelly@gmail.com', 'Ramiro', 'Feest'),
('otho34', 'saepe', 'chadrick94@yahoo.com', 'Rae', 'Batz'),
('owilliamson', 'pariatur', 'raina.douglas@gmail.com', 'Frederik', 'Weber'),
('owitting', 'praesentium', 'champlin.audrey@gmail.com', 'Boris', 'Howe'),
('oyost', 'iste', 'delta.runte@gmail.com', 'Alyce', 'Walsh'),
('p ', 'p', 'p', 'p', 'p'),
('pagac.may', 'quis', 'clubowitz@gmail.com', 'Kennith', 'Ritchie'),
('parisian.duane', 'voluptate', 'cbechtelar@yahoo.com', 'Melvina', 'Simonis'),
('parisian.jaden', 'rem', 'roslyn.wolf@hotmail.com', 'Otilia', 'Prosacco'),
('parisian.maribe', 'dolor', 'zboehm@gmail.com', 'Trever', 'Beahan'),
('parker.misty', 'in', 'ollie37@hotmail.com', 'Danial', 'Reilly'),
('pcole', 'quam', 'wendy14@yahoo.com', 'Bud', 'Williamson'),
('pearline76', 'quam', 'mathew.konopelski@yahoo.com', 'Shayna', 'Batz'),
('perry99', 'facere', 'jfunk@yahoo.com', 'Alfred', 'Schneider'),
('pfannerstill.an', 'autem', 'kling.lucas@yahoo.com', 'Savanah', 'Carroll'),
('pfeffer.maddiso', 'totam', 'audra.hessel@hotmail.com', 'Eunice', 'Stamm'),
('phermann', 'ea', 'krajcik.cooper@yahoo.com', 'Lew', 'Bosco'),
('pmuller', 'quae', 'viviane82@gmail.com', 'Andreanne', 'O\'Reilly'),
('ppredovic', 'voluptates', 'burdette.schmeler@gmail.com', 'Myrl', 'Gorczany'),
('predovic.candic', 'quia', 'adams.remington@yahoo.com', 'Phoebe', 'Goyette'),
('princess13', 'vitae', 'felipe72@gmail.com', 'Monte', 'Halvorson'),
('qanderson', 'unde', 'jovany35@gmail.com', 'Winona', 'Wilkinson'),
('qbeier', 'ut', 'yfadel@yahoo.com', 'Valentine', 'Oberbrunner'),
('qconnelly', 'non', 'johnston.oswaldo@hotmail.com', 'Verona', 'Harris'),
('qdavis', 'mollitia', 'molly83@gmail.com', 'Shaun', 'Jaskolski'),
('qkassulke', 'delectus', 'tprosacco@yahoo.com', 'Oleta', 'Rowe'),
('qmcclure', 'tenetur', 'bria.bogan@hotmail.com', 'Marguerite', 'Cassin'),
('qschaefer', 'est', 'daugherty.kenya@hotmail.com', 'Max', 'Gleichner'),
('raleigh.gottlie', 'qui', 'emmie61@hotmail.com', 'Carrie', 'Aufderhar'),
('ramiro29', 'accusantium', 'wpaucek@gmail.com', 'Alysha', 'Lakin'),
('randerson', 'sapiente', 'kertzmann.fiona@hotmail.com', 'Marta', 'Spinka'),
('raynor.monserra', 'nemo', 'joel.quigley@yahoo.com', 'Clyde', 'Zemlak'),
('reinhold73', 'non', 'ihodkiewicz@gmail.com', 'Brandt', 'Haag'),
('ressie.bartell', 'in', 'howell.hartmann@yahoo.com', 'Tamia', 'Schmeler'),
('rex.hickle', 'eum', 'yschowalter@hotmail.com', 'Laila', 'Kiehn'),
('reymundo.haley', 'repellat', 'cathy.farrell@gmail.com', 'Marina', 'Wehner'),
('reynolds.dahlia', 'et', 'bstehr@yahoo.com', 'Cyrus', 'Beer'),
('rharber', 'fugit', 'serenity34@yahoo.com', 'Kellen', 'Cremin'),
('rhauck', 'aperiam', 'vupton@gmail.com', 'Erwin', 'Konopelski'),
('rjaskolski', 'beatae', 'jordane50@yahoo.com', 'May', 'Dare'),
('rlehner', 'labore', 'abby83@hotmail.com', 'Mose', 'DuBuque'),
('rmante', 'inventore', 'pauline40@yahoo.com', 'Nestor', 'Quitzon'),
('romaine07', 'iusto', 'rlegros@yahoo.com', 'Rosalind', 'Heaney'),
('roman21', 'sit', 'nmedhurst@gmail.com', 'Everardo', 'Cronin'),
('rosalind.toy', 'quia', 'greichert@yahoo.com', 'Marquise', 'Gleichner'),
('rosamond21', 'et', 'beatrice61@hotmail.com', 'Jeramy', 'Wolf'),
('rowe.neva', 'illum', 'borer.ransom@hotmail.com', 'Elmira', 'Collins'),
('rritchie', 'voluptas', 'gottlieb.alan@gmail.com', 'Amelia', 'Brekke'),
('ruecker.ralph', 'sint', 'leannon.ansel@yahoo.com', 'Deanna', 'Williamson'),
('runolfsdottir.g', 'quos', 'smccullough@yahoo.com', 'Estefania', 'Orn'),
('runolfsdottir.w', 'molestiae', 'stanton.nolan@yahoo.com', 'Jamal', 'Hintz'),
('russel.lillie', 'ipsam', 'pherzog@gmail.com', 'Amiya', 'Mraz'),
('russell.champli', 'aut', 'bernard.mertz@hotmail.com', 'Rosemary', 'Yundt'),
('ruth71', 'molestiae', 'zpollich@hotmail.com', 'Coleman', 'Bednar'),
('ryder16', 'voluptatem', 'berge.pearlie@hotmail.com', 'Doug', 'Wilkinson'),
('s ', 's', 's', 's', 's'),
('samanta.o\'hara', 'voluptas', 'marion59@hotmail.com', 'Shaun', 'Moen'),
('sandrine.dicken', 'distinctio', 'sadie95@hotmail.com', 'Anthony', 'Daugherty'),
('sanford.kayli', 'molestias', 'glover.raphael@yahoo.com', 'Torrey', 'Turcotte'),
('sanford.sylvan', 'corrupti', 'scotty.yundt@yahoo.com', 'Reanna', 'Smith'),
('sauer.alvera', 'eum', 'akovacek@hotmail.com', 'Doris', 'Hirthe'),
('sblanda', 'rem', 'bartell.garnet@yahoo.com', 'Jewell', 'Grimes'),
('sblock', 'numquam', 'sid29@yahoo.com', 'Justice', 'Reichert'),
('schiller.kacie', 'ipsam', 'johnpaul.nicolas@gmail.com', 'Lucie', 'Beatty'),
('schinner.alden', 'consequatur', 'rashad.hagenes@yahoo.com', 'Herminio', 'Pfeffer'),
('schmitt.josh', 'enim', 'wilhelmine.schmitt@yahoo.com', 'Brisa', 'Cummerata'),
('schumm.jamaal', 'voluptas', 'weldon44@hotmail.com', 'Lysanne', 'Tremblay'),
('schuyler18', 'porro', 'bernadette.pacocha@yahoo.com', 'Kendrick', 'Ziemann'),
('scotty.gislason', 'assumenda', 'norbert.o\'kon@yahoo.com', 'Lowell', 'Borer'),
('sebastian38', 'est', 'dubuque.karina@hotmail.com', 'Ivory', 'Reinger'),
('sedrick27', 'incidunt', 'crooks.raheem@yahoo.com', 'Adrienne', 'Kunze'),
('shakira79', 'repellat', 'kkirlin@gmail.com', 'Jasmin', 'Okuneva'),
('shanahan.terren', 'ipsa', 'angeline64@gmail.com', 'Delpha', 'Terry'),
('shania59', 'vel', 'peyton.lueilwitz@hotmail.com', 'Brooke', 'Morar'),
('shaun48', 'esse', 'bernardo.upton@gmail.com', 'Nicholaus', 'Schroeder'),
('shemar.blick', 'accusantium', 'kirlin.manuela@yahoo.com', 'Katherine', 'Williamson'),
('sherwood.eichma', 'eius', 'ruthie82@gmail.com', 'Kaela', 'Nikolaus'),
('shickle', 'eum', 'rowland20@gmail.com', 'Eino', 'Fahey'),
('sidney.jenkins', 'sit', 'green.jarvis@hotmail.com', 'Amaya', 'Kassulke'),
('sierra70', 'quasi', 'dyost@hotmail.com', 'Donato', 'Stehr'),
('sklein', 'ad', 'jacklyn.rolfson@gmail.com', 'Leora', 'Hane'),
('slarson', 'dolores', 'christiansen.ethelyn@yahoo.com', 'Clint', 'Keebler'),
('sophia.bruen', 'architecto', 'jamal.bernhard@yahoo.com', 'Neil', 'Heaney'),
('sophie.carroll', 'dolore', 'wboyle@gmail.com', 'Gerda', 'Glover'),
('spinka.khalid', 'repellendus', 'jmckenzie@gmail.com', 'Jordi', 'Hyatt'),
('stamm.leanne', 'dolor', 'ebert.tamia@hotmail.com', 'Anissa', 'Nicolas'),
('stark.noemy', 'unde', 'zstroman@gmail.com', 'Ora', 'Schimmel'),
('stehr.darron', 'maiores', 'corkery.cortney@hotmail.com', 'Jamel', 'Grant'),
('stoltenberg.jea', 'dolorum', 'keenan57@hotmail.com', 'Newell', 'Kertzmann'),
('stone.bins', 'debitis', 'luettgen.timothy@yahoo.com', 'Mallory', 'Kihn'),
('susana50', 'itaque', 'hilpert.bethany@gmail.com', 'Kameron', 'Beer'),
('sven93', 'excepturi', 'fahey.haleigh@yahoo.com', 'Terence', 'Dooley'),
('swaniawski.roge', 'eius', 'moore.theresa@gmail.com', 'Mona', 'Jerde'),
('swift.adaline', 'sed', 'larkin.samir@yahoo.com', 'Terrill', 'Watsica'),
('sylvia.brown', 'natus', 'marjorie48@hotmail.com', 'Geovanni', 'Hand'),
('szieme', 'tempora', 'juston03@hotmail.com', 'Alicia', 'Kuvalis'),
('tania81', 'quia', 'cdavis@yahoo.com', 'Toney', 'Johns'),
('tate85', 'porro', 'marlee.jones@yahoo.com', 'Domenic', 'Marvin'),
('taurean.koss', 'aperiam', 'santiago.strosin@gmail.com', 'Curtis', 'Sporer'),
('taurean.kozey', 'similique', 'aurelie.frami@yahoo.com', 'Marisol', 'Crooks'),
('tbaumbach', 'omnis', 'olson.jaden@yahoo.com', 'Ed', 'Bashirian'),
('tbecker', 'provident', 'urempel@hotmail.com', 'Domenico', 'Miller'),
('tbraun', 'quos', 'trinity38@gmail.com', 'Hannah', 'Moen'),
('tevin.paucek', 'et', 'nestor95@yahoo.com', 'Brock', 'Sauer'),
('thelma.koch', 'qui', 'homenick.everette@gmail.com', 'Augustine', 'Legros'),
('theresa.mante', 'dolores', 'margaretta96@gmail.com', 'Daren', 'Hickle'),
('therese58', 'qui', 'thompson.hassie@hotmail.com', 'Marianne', 'Tremblay'),
('thiel.jeramy', 'aut', 'rleuschke@yahoo.com', 'Orie', 'Thiel'),
('thompson.alfred', 'magni', 'cummings.humberto@hotmail.com', 'Casimer', 'Heathcote'),
('thompson.macey', 'natus', 'lavonne.spinka@gmail.com', 'Hailie', 'Sporer'),
('thora.lebsack', 'consequuntur', 'alva34@gmail.com', 'Jerrod', 'Haag'),
('tianna.wisozk', 'quia', 'yprosacco@gmail.com', 'Leanne', 'Wolf'),
('tillman59', 'quia', 'murphy.jacklyn@yahoo.com', 'Yadira', 'Schoen'),
('tleuschke', 'non', 'rmetz@hotmail.com', 'Verda', 'Kuhn'),
('tlynch', 'ipsam', 'bertha55@gmail.com', 'Emma', 'Miller'),
('tomas.denesik', 'consequatur', 'noe.wolff@hotmail.com', 'Efrain', 'Bradtke'),
('Torak123 ', 'jarek123', 'zelechowski@123.pl', 'Jarek', '?elechowski'),
('torak28 ', 'jarek123', 'jarek@nic.pl', 'Jarek', 'Xdddd'),
('torak29', 'trudnehaslo2', 'jarek2@nic.pl', 'Jarek2', 'Ciolek-Zelechowski'),
('torak30 ', 'trudnehaslo3', 'jarek3@nic.pl', 'Jarek', 'Ciolek'),
('torphy.aurelio', 'excepturi', 'otto02@gmail.com', 'Kristopher', 'Reilly'),
('towne.dominic', 'sapiente', 'shammes@hotmail.com', 'Gilberto', 'Pfannerstill'),
('toy.emilie', 'est', 'rau.ardella@yahoo.com', 'Christine', 'Bruen'),
('triston.jast', 'ex', 'laron32@gmail.com', 'Allan', 'O\'Conner'),
('tromp.lonzo', 'dolorem', 'west.norene@hotmail.com', 'Junior', 'Lueilwitz'),
('tyra95', 'eaque', 'lebsack.elijah@hotmail.com', 'Kyler', 'Nicolas'),
('tyrese80', 'magni', 'laura19@yahoo.com', 'Michaela', 'Schaefer'),
('tzboncak', 'voluptate', 'vvandervort@yahoo.com', 'Mckenna', 'Prosacco'),
('uchamplin', 'impedit', 'jerod.wyman@hotmail.com', 'Emil', 'Pacocha'),
('uhuels', 'odio', 'minerva22@gmail.com', 'Rubye', 'Rolfson'),
('uleannon', 'neque', 'camron.parisian@gmail.com', 'Jaida', 'Murazik'),
('ulices.murphy', 'repudiandae', 'konopelski.timothy@yahoo.com', 'Ulises', 'Bauch'),
('upaucek', 'molestiae', 'heaney.adrianna@hotmail.com', 'Eula', 'Schaefer'),
('urohan', 'vel', 'dannie.boyer@hotmail.com', 'Ruthie', 'Breitenberg'),
('uschuppe', 'voluptas', 'bvandervort@hotmail.com', 'Geovanny', 'Wiza'),
('uswift', 'earum', 'fabiola38@hotmail.com', 'Denis', 'Lind'),
('uwyman', 'fugit', 'shintz@gmail.com', 'Sheldon', 'Block'),
('van28', 'provident', 'zackery53@gmail.com', 'Newton', 'Koss'),
('vance.kertzmann', 'eum', 'kyle.durgan@gmail.com', 'Ricardo', 'Bartell'),
('vcarroll', 'ullam', 'alysa.sanford@yahoo.com', 'Tanner', 'Pouros'),
('veda.jones', 'tempore', 'clarissa52@hotmail.com', 'Bernice', 'D\'Amore'),
('velma.homenick', 'ut', 'taurean29@gmail.com', 'Maci', 'Cremin'),
('vergie.turcotte', 'reiciendis', 'ffeil@yahoo.com', 'Winnifred', 'VonRueden'),
('verona20', 'rerum', 'wilkinson.cierra@yahoo.com', 'Gina', 'Orn'),
('vgaylord', 'dolorem', 'prath@gmail.com', 'Reyes', 'Schiller'),
('vhudson', 'tempore', 'langosh.kiara@hotmail.com', 'Israel', 'Reinger'),
('vicenta.leannon', 'eum', 'powlowski.carissa@gmail.com', 'Casper', 'Stroman'),
('victoria42', 'est', 'jazlyn.borer@yahoo.com', 'Marisol', 'Fay'),
('vito.kunde', 'autem', 'keeley.cole@yahoo.com', 'Antonette', 'Rodriguez'),
('vivianne.zieme', 'a', 'hills.melba@hotmail.com', 'Brigitte', 'Hermiston'),
('vklein', 'error', 'blick.dillon@gmail.com', 'Malvina', 'Schneider'),
('vo\'reilly', 'et', 'isabelle29@gmail.com', 'Stacey', 'Krajcik'),
('vonrueden.buste', 'blanditiis', 'casandra.wilkinson@hotmail.com', 'Enoch', 'Collins'),
('vpredovic', 'assumenda', 'kutch.destiney@yahoo.com', 'Noel', 'Bergnaum'),
('vrodriguez', 'placeat', 'claud.zieme@gmail.com', 'Kylee', 'Tillman'),
('vterry', 'assumenda', 'bergstrom.sasha@hotmail.com', 'Maxime', 'Abbott'),
('vwalsh', 'aliquid', 'schmitt.reva@yahoo.com', 'Abbey', 'Paucek'),
('waldo.nolan', 'ipsum', 'qtoy@yahoo.com', 'Lina', 'Batz'),
('walter.paige', 'tenetur', 'jayden57@hotmail.com', 'Sydnie', 'Schuppe'),
('wanda.hermiston', 'quia', 'sreilly@gmail.com', 'Mario', 'Sauer'),
('wanda.von', 'voluptate', 'braulio70@gmail.com', 'Isabell', 'Larson'),
('waters.juston', 'amet', 'schulist.shannon@gmail.com', 'Kasandra', 'Jerde'),
('waylon.windler', 'qui', 'reyna.harris@gmail.com', 'Rodrick', 'Hand'),
('wconroy', 'optio', 'charlene.pacocha@hotmail.com', 'Erling', 'Yundt'),
('weissnat.letiti', 'est', 'oleta79@gmail.com', 'Jasmin', 'Steuber'),
('wellington95', 'quia', 'ccollins@hotmail.com', 'Cassie', 'Marquardt'),
('westley25', 'quisquam', 'glen.wisoky@gmail.com', 'Earline', 'Gislason'),
('wilhelmine.moen', 'ad', 'ykertzmann@hotmail.com', 'Valerie', 'Rodriguez'),
('wilma.fritsch', 'architecto', 'kkassulke@yahoo.com', 'Ezekiel', 'Leffler'),
('wilmer.collier', 'ab', 'baby88@yahoo.com', 'Emile', 'Leannon'),
('wkirlin', 'dolore', 'avery64@hotmail.com', 'Aaliyah', 'Walter'),
('wmarquardt', 'ut', 'benny.jacobs@yahoo.com', 'Lisette', 'Schmitt'),
('wolf.edward', 'similique', 'rau.randall@yahoo.com', 'Jamar', 'Bartoletti'),
('wolf.tito', 'aut', 'zdeckow@gmail.com', 'Meghan', 'Lynch'),
('wolff.lue', 'sequi', 'izaiah39@gmail.com', 'Cletus', 'Bogan'),
('woodrow.runolfs', 'alias', 'mayer.nathen@hotmail.com', 'Raleigh', 'Hickle'),
('wreynolds', 'voluptas', 'dickinson.jedidiah@yahoo.com', 'Hunter', 'Ward'),
('wuckert.asia', 'vel', 'lelah12@gmail.com', 'Gail', 'Hegmann'),
('wunsch.maria', 'eum', 'buck75@yahoo.com', 'Carmella', 'Lockman'),
('wyman.frederick', 'omnis', 'julianne82@yahoo.com', 'Everette', 'Little'),
('x ', 'x', 'x', 'x', 'x'),
('xgusikowski', 'rerum', 'georgianna23@gmail.com', 'Noemy', 'Hirthe'),
('xnikolaus', 'eum', 'wunsch.gia@yahoo.com', 'Florian', 'Paucek'),
('xthompson', 'laudantium', 'kendrick.moore@yahoo.com', 'Anabelle', 'Rempel'),
('xzulauf', 'maiores', 'collins.dorian@hotmail.com', 'Lacey', 'Stiedemann'),
('yasmin18', 'recusandae', 'evangeline.welch@gmail.com', 'Reuben', 'Franecki'),
('ybalistreri', 'nostrum', 'mclaughlin.taryn@yahoo.com', 'Shyann', 'Bauch'),
('yessenia37', 'ut', 'cordie.sanford@gmail.com', 'Jaylon', 'Shields'),
('yleffler', 'aperiam', 'tstehr@yahoo.com', 'Alvah', 'Hartmann'),
('ymertz', 'in', 'urobel@gmail.com', 'Arielle', 'Rolfson'),
('ypagac', 'illo', 'mosciski.ludwig@gmail.com', 'Veronica', 'Schinner'),
('ypowlowski', 'expedita', 'toy70@yahoo.com', 'Hadley', 'Heathcote'),
('ysipes', 'qui', 'opouros@hotmail.com', 'Hannah', 'Langosh'),
('yundt.jade', 'excepturi', 'kgutkowski@hotmail.com', 'Reid', 'Towne'),
('z ', 'z', 'z', 'z', 'z'),
('zane.rowe', 'deserunt', 'qkertzmann@yahoo.com', 'Lacey', 'Batz'),
('zboncak.darrin', 'illum', 'mohr.rosario@hotmail.com', 'Liza', 'Gislason'),
('zhyatt', 'sit', 'arvilla10@hotmail.com', 'Marvin', 'Klein'),
('zjohns', 'et', 'kris.katelin@gmail.com', 'Nona', 'Gibson'),
('zleffler', 'repudiandae', 'bode.preston@yahoo.com', 'Adriel', 'Conn'),
('zrenner', 'deleniti', 'jamie.hackett@yahoo.com', 'Bradford', 'Howe'),
('zschaden', 'tempore', 'funk.alyson@yahoo.com', 'Glennie', 'Erdman'),
('zwuckert', 'et', 'twolf@yahoo.com', 'Alberto', 'Huel');

-- --------------------------------------------------------

--
-- Struktura tabeli dla tabeli `markers`
--

CREATE TABLE `markers` (
  `id` int(11) NOT NULL,
  `name` varchar(60) CHARACTER SET utf8 NOT NULL,
  `address` varchar(80) CHARACTER SET utf8 NOT NULL,
  `lat` float(10,6) NOT NULL,
  `lng` float(10,6) NOT NULL
) ENGINE=MyISAM DEFAULT CHARSET=utf8 COLLATE=utf8_polish_ci;

--
-- Zrzut danych tabeli `markers`
--

INSERT INTO `markers` (`id`, `name`, `address`, `lat`, `lng`) VALUES
(18, 'Stacja numer 18', 'Koszarowa 10', 51.059135, 16.981602),
(17, 'Stacja numer 17', 'Wycigowa 66', 51.104645, 16.889248),
(16, 'Stacja numer 16', 'Kozanowska 71', 51.090199, 16.995678),
(14, 'Stacja numer 14', 'Kochanowskiego 33', 51.125763, 17.111721),
(13, 'Stacja numer 13', 'Zotnicka 21', 51.084805, 17.039623),
(12, 'Stacja numer 12', 'Szczytnicka 20', 51.100761, 16.998081),
(10, 'Stacja numer 10', 'Policyjna 97', 51.150063, 17.058334),
(11, 'Stacja numer 11', 'Legnicka 37', 51.061939, 17.056789),
(9, 'Stacja numer 9', 'Akacjowa 91', 51.104019, 16.945511),
(8, 'Stacja numer 8', 'Kniaziewicza 7', 51.122410, 16.923168),
(5, 'Stacja numer 5', 'Szeroka 18', 51.121971, 16.978941),
(6, 'Stacja numer 6', 'Chopina 21', 51.122444, 16.926455),
(7, 'Stacja numer 7', 'Wyspa sodowa 12', 51.122444, 16.926453),
(4, 'Stacja numer 4', 'Rdestowa 71', 51.125298, 17.025784),
(3, 'Stacja numer 3', 'Plac Dominikanski 33', 51.120823, 17.038916),
(2, 'Stacja numer 2', 'Komandorska 21', 51.108810, 17.023680),
(1, 'Stacja numer 1', 'Plac Grunwaldzki 21', 51.111111, 17.038536),
(19, 'Stacja numer 19', 'Bzowa 22', 51.028267, 17.068119),
(20, 'Stacja numer 20', 'Akacjowa 74', 51.185196, 16.985722),
(50, 'stacja 67', 'opis', 51.111580, 17.061424);

-- --------------------------------------------------------

--
-- Struktura tabeli dla tabeli `przypisania_awarii`
--

CREATE TABLE `przypisania_awarii` (
  `id_awarii` int(11) NOT NULL,
  `id_serwis` int(11) NOT NULL
) ENGINE=InnoDB DEFAULT CHARSET=latin1;

--
-- Zrzut danych tabeli `przypisania_awarii`
--

INSERT INTO `przypisania_awarii` (`id_awarii`, `id_serwis`) VALUES
(1, 0),
(6, 0),
(11, 5),
(12, 5);

-- --------------------------------------------------------

--
-- Struktura tabeli dla tabeli `rower`
--

CREATE TABLE `rower` (
  `id_roweru` int(10) NOT NULL,
  `czy_sprawny` tinyint(1) DEFAULT NULL,
  `id_zapiecia` int(11) DEFAULT NULL,
  `dataWaznosci` date DEFAULT NULL,
  `dataPrzegladu` date DEFAULT NULL
) ENGINE=InnoDB DEFAULT CHARSET=utf8;

--
-- Zrzut danych tabeli `rower`
--

INSERT INTO `rower` (`id_roweru`, `czy_sprawny`, `id_zapiecia`, `dataWaznosci`, `dataPrzegladu`) VALUES
(1, 0, 1, '2019-04-04', '2018-04-04'),
(2, 0, 2, '2019-05-06', '2017-06-12'),
(3, 0, 3, '2019-05-06', '2017-05-31'),
(4, 1, 4, '2019-05-06', '2017-06-07'),
(5, 1, 5, '2019-05-06', '2017-06-10'),
(6, 0, 6, '2019-05-06', '2017-06-01'),
(7, 1, 7, '2019-05-06', '2017-06-06'),
(8, 1, 8, '2019-05-06', '2017-06-01'),
(9, 0, 9, '2019-05-06', '2017-06-01'),
(10, 0, 10, '2019-05-06', '2017-06-04'),
(11, 1, 11, '2019-05-06', '2017-06-03'),
(12, 1, 12, '2019-05-06', '2017-06-06'),
(13, 1, 13, '2019-05-06', '2017-06-07'),
(14, 1, 14, '2019-05-06', '2017-06-05'),
(15, 0, 15, '2019-05-06', '2017-06-06'),
(16, 0, 16, '2019-05-06', '2017-05-31'),
(17, 1, 17, '2019-05-06', '2017-06-01'),
(18, 1, 18, '2019-05-06', '2017-06-03'),
(19, 1, 19, '2019-05-06', '2017-06-02'),
(20, 0, 20, '2019-05-06', '2017-05-31'),
(21, 0, 21, '2019-05-06', '2017-06-10'),
(22, 0, 22, '2019-05-06', '2017-06-11'),
(23, 1, 23, '2019-05-06', '2017-05-30'),
(24, 0, 24, '2019-05-06', '2017-06-05'),
(25, 1, 25, '2019-05-06', '2017-06-02'),
(26, 1, 26, '2019-05-06', '2017-06-09'),
(27, 1, 27, '2019-05-06', '2017-05-30'),
(28, 0, 28, '2019-05-06', '2017-05-30'),
(29, 1, 29, '2019-05-06', '2017-05-31'),
(30, 0, 30, '2019-05-06', '2017-06-05'),
(31, 0, 31, '2019-05-06', '2017-06-12'),
(32, 0, 32, '2019-05-06', '2017-06-06'),
(33, 0, 33, '2019-05-06', '2017-06-06'),
(34, 1, 34, '2019-05-06', '2017-06-03'),
(35, 0, 35, '2019-05-06', '2017-06-09'),
(36, 1, 36, '2019-05-06', '2017-06-12'),
(37, 1, 37, '2019-05-06', '2017-06-07'),
(38, 1, 38, '2019-05-06', '2017-06-01'),
(39, 0, 39, '2019-05-06', '2017-05-31'),
(40, 1, 40, '2019-05-06', '2017-05-30'),
(41, 1, 41, '2019-05-06', '2017-06-09'),
(42, 1, 42, '2019-05-06', '2017-06-07'),
(43, 1, 43, '2019-05-06', '2017-06-09'),
(44, 0, 44, '2019-05-06', '2017-06-12'),
(45, 1, 45, '2019-05-06', '2017-06-08'),
(46, 0, 46, '2019-05-06', '2017-06-05'),
(47, 1, 47, '2019-05-06', '2017-06-02'),
(48, 1, 48, '2019-05-06', '2017-06-10'),
(49, 0, 49, '2019-05-06', '2017-06-03'),
(50, 0, 50, '2019-05-06', '2017-06-01'),
(51, 1, 51, '2019-05-06', '2017-05-30'),
(52, 1, 52, '2019-05-06', '2017-06-06'),
(53, 1, 53, '2019-05-06', '2017-06-07'),
(54, 0, 54, '2019-05-06', '2017-06-04'),
(55, 1, 55, '2019-05-06', '2017-05-30'),
(56, 0, 56, '2019-05-06', '2017-05-31'),
(57, 0, 57, '2019-05-06', '2017-06-02'),
(58, 0, 58, '2019-05-06', '2017-05-31'),
(59, 0, 59, '2019-05-06', '2017-06-10'),
(60, 1, 60, '2019-05-06', '2017-06-08'),
(61, 0, 61, '2019-05-06', '2017-06-12'),
(62, 0, 62, '2019-05-06', '2017-06-11'),
(63, 0, 63, '2019-05-06', '2017-06-04'),
(64, 1, 64, '2019-05-06', '2017-06-06'),
(65, 0, 65, '2019-05-06', '2017-06-02'),
(66, 1, 66, '2019-05-06', '2017-06-09'),
(67, 1, 67, '2019-05-06', '2017-05-30'),
(68, 0, 68, '2019-05-06', '2017-06-12'),
(69, 1, 69, '2019-05-06', '2017-06-06'),
(70, 0, 70, '2019-05-06', '2017-06-12'),
(71, 0, 71, '2019-05-06', '2017-05-30'),
(72, 1, 72, '2019-05-06', '2017-06-05'),
(73, 1, 73, '2019-05-06', '2017-06-03'),
(74, 0, 74, '2019-05-06', '2017-06-12'),
(75, 0, 75, '2019-05-06', '2017-06-11'),
(76, 0, 76, '2019-05-06', '2017-06-07'),
(77, 1, 77, '2019-05-06', '2017-06-05'),
(78, 0, 78, '2019-05-06', '2017-06-03'),
(79, 0, 79, '2019-05-06', '2017-06-01'),
(80, 1, 80, '2019-05-06', '2017-06-12'),
(81, 1, 81, '2019-05-06', '2017-06-05'),
(82, 0, 82, '2019-05-06', '2017-06-02'),
(83, 1, 83, '2019-05-06', '2017-06-12'),
(84, 0, 84, '2019-05-06', '2017-05-31'),
(85, 0, 85, '2019-05-06', '2017-06-06'),
(86, 1, 86, '2019-05-06', '2017-06-06'),
(87, 0, 87, '2019-05-06', '2017-06-12'),
(88, 0, 88, '2019-05-06', '2017-06-03'),
(89, 1, 89, '2019-05-06', '2017-06-08'),
(90, 1, 90, '2019-05-06', '2017-06-04'),
(91, 1, 91, '2019-05-06', '2017-06-11'),
(92, 0, 92, '2019-05-06', '2017-06-04'),
(93, 0, 93, '2019-05-06', '2017-05-31'),
(94, 0, 94, '2019-05-06', '2017-06-04'),
(95, 1, 95, '2019-05-06', '2017-06-10'),
(96, 0, 96, '2019-05-06', '2017-06-09'),
(97, 1, 97, '2019-05-06', '2017-06-02'),
(98, 1, 98, '2019-05-06', '2017-06-01'),
(99, 1, 99, '2019-05-06', '2017-05-31'),
(100, 1, 100, '2019-05-06', '2017-06-10'),
(101, 1, 101, '2019-05-06', '2017-06-12'),
(102, 1, 102, '2019-05-06', '2017-06-02'),
(103, 0, 103, '2019-05-06', '2017-06-05'),
(104, 1, 104, '2019-05-06', '2017-06-08'),
(105, 1, 105, '2019-05-06', '2017-06-09'),
(106, 0, 106, '2019-05-06', '2017-06-09'),
(107, 1, 107, '2019-05-06', '2017-06-08'),
(108, 0, 108, '2019-05-06', '2017-06-11'),
(109, 1, 109, '2019-05-06', '2017-06-07'),
(110, 0, 110, '2019-05-06', '2017-06-04'),
(111, 1, 111, '2019-05-06', '2017-06-12'),
(112, 1, 112, '2019-05-06', '2017-06-10'),
(113, 1, 113, '2019-05-06', '2017-06-02'),
(114, 1, 114, '2019-05-06', '2017-06-06'),
(115, 0, 115, '2019-05-06', '2017-06-01'),
(116, 0, 116, '2019-05-06', '2017-06-01'),
(117, 0, 117, '2019-05-06', '2017-06-06'),
(118, 1, 118, '2019-05-06', '2017-06-12'),
(119, 1, 119, '2019-05-06', '2017-05-31'),
(120, 0, 120, '2019-05-06', '2017-06-10'),
(121, 0, 121, '2019-05-06', '2017-06-09'),
(122, 0, 122, '2019-05-06', '2017-06-03'),
(123, 0, 123, '2019-05-06', '2017-06-02'),
(124, 1, 124, '2019-05-06', '2017-06-04'),
(125, 1, 125, '2019-05-06', '2017-05-30'),
(126, 0, 126, '2019-05-06', '2017-05-31'),
(127, 1, 127, '2019-05-06', '2017-06-06'),
(128, 1, 128, '2019-05-06', '2017-05-31'),
(129, 0, 129, '2019-05-06', '2017-06-01'),
(130, 1, 130, '2019-05-06', '2017-06-04'),
(131, 0, 131, '2019-05-06', '2017-06-06'),
(132, 1, 132, '2019-05-06', '2017-06-07'),
(133, 1, 133, '2019-05-06', '2017-06-03'),
(134, 1, 134, '2019-05-06', '2017-06-10'),
(135, 1, 135, '2019-05-06', '2017-06-02'),
(136, 0, 136, '2019-05-06', '2017-06-08'),
(137, 1, 137, '2019-05-06', '2017-06-07'),
(138, 1, 138, '2019-05-06', '2017-05-30'),
(139, 0, 139, '2019-05-06', '2017-06-04'),
(140, 0, 140, '2019-05-06', '2017-06-09'),
(141, 0, 141, '2019-05-06', '2017-06-08'),
(142, 1, 142, '2019-05-06', '2017-06-01'),
(143, 1, 143, '2019-05-06', '2017-06-09'),
(144, 1, 144, '2019-05-06', '2017-06-04'),
(145, 0, 145, '2019-05-06', '2017-06-08'),
(146, 1, 146, '2019-05-06', '2017-06-01'),
(147, 0, 147, '2019-05-06', '2017-06-08'),
(148, 0, 148, '2019-05-06', '2017-05-31'),
(149, 1, 149, '2019-05-06', '2017-06-02'),
(150, 0, 150, '2019-05-06', '2017-06-01'),
(151, 1, 151, '2019-05-06', '2017-06-12'),
(152, 1, 152, '2019-05-06', '2017-06-04'),
(153, 0, 153, '2019-05-06', '2017-06-12'),
(154, 0, 154, '2019-05-06', '2017-06-06'),
(155, 1, 155, '2019-05-06', '2017-05-30'),
(156, 1, 156, '2019-05-06', '2017-06-04'),
(157, 0, 157, '2019-05-06', '2017-06-10'),
(158, 1, 158, '2019-05-06', '2017-06-12'),
(159, 0, 159, '2019-05-06', '2017-06-04'),
(160, 1, 160, '2019-05-06', '2017-05-31'),
(161, 0, 161, '2019-05-06', '2017-06-04'),
(162, 1, 162, '2019-05-06', '2017-06-07'),
(163, 1, 163, '2019-05-06', '2017-06-08'),
(164, 1, 164, '2019-05-06', '2014-01-02'),
(165, 1, 165, '2019-05-06', '2017-05-30'),
(166, 0, 166, '2019-05-06', '2017-06-08'),
(167, 1, 167, '2019-05-06', '2017-06-03'),
(168, 1, 168, '2019-05-06', '2017-06-05'),
(169, 0, 169, '2019-05-06', '2017-06-04'),
(170, 0, 170, '2019-05-06', '2017-06-09'),
(171, 1, 171, '2019-05-06', '2017-06-03'),
(172, 0, 172, '2019-05-06', '2017-06-06'),
(173, 1, 173, '2019-05-06', '2017-06-09'),
(174, 1, 174, '2019-05-06', '2017-06-12'),
(175, 1, 175, '2019-05-06', '2017-06-08'),
(176, 0, 176, '2019-05-06', '2017-06-05'),
(177, 0, 177, '2019-05-06', '2017-06-05'),
(178, 0, 178, '2019-05-06', '2017-06-08'),
(179, 1, 179, '2019-05-06', '2017-06-02'),
(180, 0, 180, '2019-05-06', '2017-06-12'),
(181, 1, 181, '2019-05-06', '2017-06-02'),
(182, 0, 182, '2019-05-06', '2017-06-01'),
(183, 0, 183, '2019-05-06', '2017-05-31'),
(184, 1, 184, '2019-05-06', '2017-05-30'),
(185, 1, 185, '2019-05-06', '2017-06-11'),
(186, 1, 186, '2019-05-06', '2017-06-05'),
(187, 1, 187, '2019-05-06', '2017-06-04'),
(188, 0, 188, '2019-05-06', '2017-06-10'),
(189, 1, 189, '2019-05-06', '2017-06-09'),
(190, 1, 190, '2019-05-06', '2017-06-03'),
(191, 1, 191, '2019-05-06', '2017-06-05'),
(192, 0, 192, '2019-05-06', '2017-06-02'),
(193, 0, 193, '2019-05-06', '2017-06-10'),
(194, 0, 194, '2019-05-06', '2017-06-06'),
(195, 0, 195, '2019-05-06', '2017-06-12'),
(196, 1, 196, '2019-05-06', '2017-06-04'),
(197, 0, 197, '2019-05-06', '2017-06-01'),
(198, 0, 198, '2019-05-06', '2017-06-06'),
(199, 1, 199, '2019-05-06', '2017-06-03'),
(200, 1, NULL, '2019-05-06', '2017-06-12'),
(201, 1, 201, '2019-05-06', '2017-06-09'),
(202, 0, 202, '2019-05-06', '2017-06-10'),
(203, 1, NULL, '2019-05-06', '2017-06-10'),
(204, 0, 204, '2019-05-06', '2017-06-09'),
(205, 0, NULL, '2019-05-06', '2017-06-02'),
(206, 0, NULL, '2019-05-06', '2017-05-31'),
(207, 0, 207, '2019-05-06', '2017-06-08'),
(208, 1, 208, '2019-05-06', '2017-06-12'),
(209, 0, 209, '2019-05-06', '2017-06-12'),
(210, 1, 210, '2019-05-06', '2017-06-09'),
(211, 0, 211, '2019-05-06', '2017-05-30'),
(212, 0, 212, '2019-05-06', '2017-06-10'),
(213, 0, 213, '2019-05-06', '2017-05-30'),
(214, 1, 214, '2019-05-06', '2017-06-07'),
(215, 0, 215, '2019-05-06', '2017-06-12'),
(216, 1, 216, '2019-05-06', '2017-06-01'),
(217, 0, NULL, '2019-05-06', '2017-06-11'),
(218, 1, 218, '2019-05-06', '2017-06-10'),
(219, 0, NULL, '2019-05-06', '2017-06-05'),
(220, 0, 220, '2019-05-06', '2017-06-12'),
(221, 1, 221, '2019-05-06', '2017-06-03'),
(222, 1, 222, '2019-05-06', '2017-06-09'),
(223, 0, NULL, '2019-05-06', '2017-06-08'),
(224, 1, NULL, '2019-05-06', '2017-06-01'),
(225, 1, 225, '2019-05-06', '2017-05-30'),
(226, 1, NULL, '2019-05-06', '2017-06-04'),
(227, 1, 227, '2019-05-06', '2017-06-11'),
(228, 1, NULL, '2019-05-06', '2017-06-05'),
(229, 1, 229, '2019-05-06', '2017-06-07'),
(230, 0, NULL, '2019-05-06', '2017-06-08'),
(231, 0, 231, '2019-05-06', '2017-06-05'),
(232, 1, NULL, '2019-05-06', '2017-06-03'),
(233, 1, NULL, '2019-05-06', '2017-06-01'),
(234, 0, NULL, '2019-05-06', '2017-05-30'),
(235, 0, 235, '2019-05-06', '2017-06-07'),
(236, 0, 236, '2019-05-06', '2017-06-12'),
(237, 0, NULL, '2019-05-06', '2017-06-11'),
(238, 0, 238, '2019-05-06', '2017-06-08'),
(239, 0, NULL, '2019-05-06', '2017-06-07'),
(240, 1, 240, '2019-05-06', '2017-06-12'),
(241, 1, NULL, '2019-05-06', '2017-06-12'),
(242, 0, 242, '2019-05-06', '2017-06-12'),
(243, 1, 243, '2019-05-06', '2017-05-31'),
(244, 0, 244, '2019-05-06', '2017-06-04'),
(245, 1, NULL, '2019-05-06', '2017-06-10'),
(246, 1, NULL, '2019-05-06', '2017-05-30'),
(247, 0, 247, '2019-05-06', '2017-06-05'),
(248, 1, NULL, '2019-05-06', '2017-06-03'),
(249, 1, 249, '2019-05-06', '2017-05-31'),
(250, 1, 250, '2019-05-06', '2017-06-08'),
(251, 0, 251, '2019-05-06', '2017-05-30'),
(252, 0, NULL, '2019-05-06', '2017-06-02'),
(253, 0, 253, '2019-05-06', '2017-06-12'),
(254, 1, 254, '2019-05-06', '2017-05-31'),
(255, 0, 255, '2019-05-06', '2017-06-06'),
(256, 1, 256, '2019-05-06', '2017-06-06'),
(257, 0, 257, '2019-05-06', '2017-05-30'),
(258, 0, 258, '2019-05-06', '2017-06-05'),
(259, 0, 259, '2019-05-06', '2017-06-01'),
(260, 1, 260, '2019-05-06', '2017-06-08'),
(261, 0, 261, '2019-05-06', '2017-06-09'),
(262, 1, 262, '2019-05-06', '2017-06-09'),
(263, 1, 263, '2019-05-06', '2017-06-07'),
(264, 1, 264, '2019-05-06', '2017-06-08'),
(265, 0, NULL, '2019-05-06', '2017-06-07'),
(266, 1, 266, '2019-05-06', '2017-05-30'),
(267, 1, 267, '2019-05-06', '2017-06-03'),
(268, 0, NULL, '2019-05-06', '2017-06-07'),
(269, 0, 269, '2019-05-06', '2017-05-30'),
(270, 1, 270, '2019-05-06', '2017-06-04'),
(271, 1, NULL, '2019-05-06', '2017-06-11'),
(272, 1, NULL, '2019-05-06', '2017-06-04'),
(273, 0, NULL, '2019-05-06', '2017-05-30'),
(274, 1, NULL, '2019-05-06', '2017-05-31'),
(275, 0, 275, '2019-05-06', '2017-06-04'),
(276, 1, NULL, '2019-05-06', '2017-06-08'),
(277, 0, 277, '2019-05-06', '2017-05-31'),
(278, 0, 278, '2019-05-06', '2017-06-07'),
(279, 1, 279, '2019-05-06', '2017-06-07'),
(280, 0, 280, '2019-05-06', '2017-06-03'),
(281, 0, 281, '2019-05-06', '2017-06-11'),
(282, 0, 282, '2019-05-06', '2017-06-04'),
(283, 0, 283, '2019-05-06', '2017-06-04'),
(284, 0, 284, '2019-05-06', '2017-06-08'),
(285, 0, 285, '2019-05-06', '2017-06-02'),
(286, 1, NULL, '2019-05-06', '2017-06-03'),
(287, 1, NULL, '2019-05-06', '2017-06-07'),
(288, 0, 288, '2019-05-06', '2017-06-03'),
(289, 0, NULL, '2019-05-06', '2017-06-08'),
(290, 0, NULL, '2019-05-06', '2017-06-07'),
(291, 1, NULL, '2019-05-06', '2017-06-09'),
(292, 1, 292, '2019-05-06', '2017-05-30'),
(293, 1, 293, '2019-05-06', '2017-06-12'),
(294, 1, NULL, '2019-05-06', '2017-06-07'),
(295, 1, 295, '2019-05-06', '2017-06-02'),
(296, 1, 296, '2019-05-06', '2017-06-04'),
(297, 0, 297, '2019-05-06', '2017-05-31'),
(298, 0, 298, '2019-05-06', '2017-06-06'),
(299, 0, 299, '2019-05-06', '2017-06-01'),
(300, 0, 300, '2019-05-06', '2017-06-05'),
(301, 0, 301, '2019-05-06', '2017-06-07'),
(302, 0, 302, '2019-05-06', '2017-06-07'),
(303, 1, 303, '2019-05-06', '2017-06-04'),
(304, 1, NULL, '2019-05-06', '2017-06-01'),
(305, 1, NULL, '2019-05-06', '2017-06-08'),
(306, 0, 306, '2019-05-06', '2017-06-10'),
(307, 1, NULL, '2019-05-06', '2017-06-12'),
(308, 0, 308, '2019-05-06', '2017-06-03'),
(309, 0, NULL, '2019-05-06', '2017-06-11'),
(310, 0, 310, '2019-05-06', '2017-06-04'),
(311, 1, NULL, '2019-05-06', '2017-06-02'),
(312, 0, NULL, '2019-05-06', '2017-05-31'),
(313, 0, 313, '2019-05-06', '2017-06-08'),
(314, 1, NULL, '2019-05-06', '2017-06-01'),
(315, 0, 315, '2019-05-06', '2017-06-11'),
(316, 0, NULL, '2019-05-06', '2017-06-11'),
(317, 0, 317, '2019-05-06', '2017-06-10'),
(318, 1, NULL, '2019-05-06', '2017-06-02'),
(319, 0, 319, '2019-05-06', '2017-05-30'),
(320, 1, 320, '2019-05-06', '2017-06-03'),
(321, 0, NULL, '2019-05-06', '2017-06-05'),
(322, 0, 322, '2019-05-06', '2017-06-03'),
(323, 1, 323, '2019-05-06', '2017-06-02'),
(324, 1, NULL, '2019-05-06', '2017-06-03'),
(325, 1, 325, '2019-05-06', '2017-06-11'),
(326, 1, 326, '2019-05-06', '2017-06-04'),
(327, 0, NULL, '2019-05-06', '2017-06-02'),
(328, 1, NULL, '2019-05-06', '2017-06-01'),
(329, 0, 329, '2019-05-06', '2017-06-12'),
(330, 1, NULL, '2019-05-06', '2017-06-05'),
(331, 0, 331, '2019-05-06', '2017-06-03'),
(332, 1, NULL, '2019-05-06', '2017-06-03'),
(333, 0, NULL, '2019-05-06', '2017-06-05'),
(334, 0, 334, '2019-05-06', '2017-06-04'),
(335, 1, 335, '2019-05-06', '2017-06-08'),
(336, 0, 336, '2019-05-06', '2017-06-02'),
(337, 1, 337, '2019-05-06', '2017-06-01'),
(338, 1, 338, '2019-05-06', '2017-06-01'),
(339, 1, NULL, '2019-05-06', '2017-06-03'),
(340, 1, NULL, '2019-05-06', '2017-06-12'),
(341, 1, 341, '2019-05-06', '2017-06-10'),
(342, 0, 342, '2019-05-06', '2017-06-01'),
(343, 1, 343, '2019-05-06', '2017-06-04'),
(344, 0, NULL, '2019-05-06', '2017-06-05'),
(345, 1, 345, '2019-05-06', '2017-05-31'),
(346, 0, NULL, '2019-05-06', '2017-06-02'),
(347, 1, 347, '2019-05-06', '2017-06-10'),
(348, 0, NULL, '2019-05-06', '2017-06-04'),
(349, 0, 349, '2019-05-06', '2017-06-06'),
(350, 1, 350, '2019-05-06', '2017-06-07'),
(351, 0, NULL, '2019-05-06', '2017-06-05'),
(352, 1, 352, '2019-05-06', '2017-06-03'),
(353, 0, 353, '2019-05-06', '2017-06-03'),
(354, 0, NULL, '2019-05-06', '2017-06-08'),
(355, 0, 355, '2019-05-06', '2017-06-04'),
(356, 1, 356, '2019-05-06', '2017-06-10'),
(357, 1, 357, '2019-05-06', '2017-05-31'),
(358, 1, 358, '2019-05-06', '2017-05-30'),
(359, 1, 359, '2019-05-06', '2017-06-09'),
(360, 1, 360, '2019-05-06', '2017-06-10'),
(361, 1, NULL, '2019-05-06', '2017-06-10'),
(362, 0, 362, '2019-05-06', '2017-06-08'),
(363, 0, NULL, '2019-05-06', '2017-06-11'),
(364, 0, 364, '2019-05-06', '2017-06-06'),
(365, 0, 365, '2019-05-06', '2017-05-30'),
(366, 0, 366, '2019-05-06', '2017-06-04'),
(367, 0, 367, '2019-05-06', '2017-05-30'),
(368, 1, 368, '2019-05-06', '2017-05-30'),
(369, 0, 369, '2019-05-06', '2017-05-31'),
(370, 1, 370, '2019-05-06', '2017-06-03'),
(371, 0, 371, '2019-05-06', '2017-06-04'),
(372, 0, 372, '2019-05-06', '2017-06-12'),
(373, 0, NULL, '2019-05-06', '2017-06-09'),
(374, 0, NULL, '2019-05-06', '2017-06-09'),
(375, 1, NULL, '2019-05-06', '2017-06-04'),
(376, 0, 376, '2019-05-06', '2017-06-09'),
(377, 1, NULL, '2019-05-06', '2017-06-07'),
(378, 1, NULL, '2019-05-06', '2017-06-10'),
(379, 0, 379, '2019-05-06', '2017-06-04'),
(380, 1, NULL, '2019-05-06', '2017-06-04'),
(381, 0, 381, '2019-05-06', '2017-06-08'),
(382, 1, NULL, '2019-05-06', '2017-06-01'),
(383, 0, 383, '2019-05-06', '2017-06-11'),
(384, 0, 384, '2019-05-06', '2017-05-30'),
(385, 0, NULL, '2019-05-06', '2017-06-03'),
(386, 1, 386, '2019-05-06', '2017-06-05'),
(387, 0, 387, '2019-05-06', '2017-06-05'),
(388, 1, NULL, '2019-05-06', '2017-06-12'),
(389, 0, 389, '2019-05-06', '2017-06-04'),
(390, 0, 390, '2019-05-06', '2017-05-30'),
(391, 0, 391, '2019-05-06', '2017-06-12'),
(392, 0, 392, '2019-05-06', '2017-06-07'),
(393, 1, NULL, '2019-05-06', '2017-06-02'),
(394, 1, 394, '2019-05-06', '2017-06-05'),
(395, 1, 395, '2019-05-06', '2017-06-07'),
(396, 1, 396, '2019-05-06', '2017-06-06'),
(397, 1, 397, '2019-05-06', '2017-06-11'),
(398, 0, 398, '2019-05-06', '2017-06-10'),
(399, 1, NULL, '2019-05-06', '2017-06-05'),
(400, 1, 400, '2019-05-06', '2017-06-11');

-- --------------------------------------------------------

--
-- Struktura tabeli dla tabeli `serwisanci`
--

CREATE TABLE `serwisanci` (
  `id_serwis` int(11) NOT NULL,
  `login` varchar(15) NOT NULL
) ENGINE=InnoDB DEFAULT CHARSET=latin1;

--
-- Zrzut danych tabeli `serwisanci`
--

INSERT INTO `serwisanci` (`id_serwis`, `login`) VALUES
(14, 'adaline27'),
(26, 'addison08'),
(107, 'aida01'),
(6, 'amy.koepp'),
(5, 'annabelle.mcder'),
(8, 'arely60'),
(9, 'atoy'),
(0, 'zhyatt');

-- --------------------------------------------------------

--
-- Struktura tabeli dla tabeli `stacja`
--

CREATE TABLE `stacja` (
  `id_stacji` int(11) NOT NULL,
  `wolne_miejsca` int(11) NOT NULL
) ENGINE=InnoDB DEFAULT CHARSET=latin1;

--
-- Zrzut danych tabeli `stacja`
--

INSERT INTO `stacja` (`id_stacji`, `wolne_miejsca`) VALUES
(1, -2),
(2, 0),
(3, 0),
(4, 0),
(5, 0),
(6, 1),
(7, 0),
(8, 0),
(9, 0),
(10, 1),
(11, 5),
(12, 10),
(13, 5),
(14, 7),
(15, 6),
(16, 9),
(17, 9),
(18, 5),
(19, 8),
(20, 6);

-- --------------------------------------------------------

--
-- Struktura tabeli dla tabeli `uzytkownik`
--

CREATE TABLE `uzytkownik` (
  `login` varchar(15) NOT NULL,
  `saldo` int(3) DEFAULT NULL,
  `wypozyczenia` int(1) DEFAULT NULL
) ENGINE=InnoDB DEFAULT CHARSET=latin1;

--
-- Zrzut danych tabeli `uzytkownik`
--

INSERT INTO `uzytkownik` (`login`, `saldo`, `wypozyczenia`) VALUES
('abbigail83', 349, 2),
('abbott.chadrick', 68, 1),
('abradtke', 232, 0),
('abshire.cielo', 120, 2),
('adaline27', 323, 3),
('adams.jerod', 417, 1),
('addison08', 280, 3),
('admin', 12, 0),
('aglae07', 258, 1),
('aheidenreich', 147, 2),
('ahmed.bode', 314, 2),
('aida01', 296, 1),
('aimee98', 289, 2),
('aiyana85', 480, 3),
('alden.macejkovi', 87, 2),
('aletha55', 404, 3),
('alexis.larson', 84, 3),
('alexis82', 45, 0),
('alexys.konopels', 391, 4),
('alfonso.fritsch', 238, 1),
('alfredo.mohr', 134, 4),
('alisa.monahan', 191, 2),
('allie71', 386, 0),
('althea.williams', 147, 3),
('alvena02', 398, 2),
('amaya79', 294, 0),
('amy.koepp', 222, 2),
('Andrzej ', 0, 0),
('anna.heathcote', 275, 3),
('annabelle.mcder', 75, 1),
('april18', 440, 2),
('arely60', 385, 1),
('arielle.gislaso', 260, 3),
('arlene.roob', 26, 4),
('arthur40', 175, 2),
('assunta.stracke', 234, 1),
('astreich', 251, 1),
('atoy', 362, 4),
('audie.veum', 133, 1),
('bailey.elbert', 273, 3),
('barton.lea', 332, 3),
('bauch.ben', 275, 3),
('bayer.lavada', 78, 1),
('bdickinson', 332, 4),
('beahan.reta', 5, 3),
('bechtelar.ernes', 286, 1),
('becker.manley', 159, 1),
('berneice15', 353, 3),
('bernita.quitzon', 32, 3),
('beth.morar', 360, 3),
('bgorczany', 27, 3),
('bhackett', 313, 1),
('bhand', 395, 2),
('birdie38', 223, 2),
('bkulas', 313, 2),
('blanda.weston', 466, 2),
('bode.krista', 423, 1),
('bpfeffer', 227, 2),
('bradly.schuster', 196, 1),
('brady.medhurst', 491, 1),
('brakus.houston', 298, 2),
('brandy95', 65, 1),
('brandyn.erdman', 270, 3),
('brendan.pacocha', 316, 1),
('brennon59', 352, 4),
('brittany35', 394, 3),
('bstrosin', 153, 2),
('bterry', 69, 0),
('burdette30', 75, 1),
('bwalker', 470, 0),
('camilla46', 29, 3),
('carissa.parker', 326, 2),
('carmela43', 340, 4),
('carmela99', 161, 2),
('carmella28', 355, 0),
('carter.breana', 335, 2),
('carter.general', 490, 3),
('casey16', 193, 3),
('casper.myrna', 379, 3),
('cbosco', 59, 1),
('ccassin', 413, 4),
('cecilia78', 481, 3),
('cedrick.mertz', 215, 3),
('cemard', 423, 1),
('champlin.darwin', 255, 0),
('chansen', 209, 0),
('christ.fisher', 281, 0),
('ciara.maggio', 361, 2),
('clara.rodriguez', 122, 3),
('clark17', 223, 4),
('clemmie.lehner', 366, 2),
('cleveland.borer', 208, 2),
('clint.emard', 17, 1),
('clovis81', 361, 1),
('cloyd.stanton', 342, 0),
('cole.nora', 346, 3),
('connelly.aaliya', 207, 1),
('connelly.art', 9, 3),
('connor68', 262, 2),
('cooper.gislason', 271, 0),
('corkery.mathild', 28, 3),
('corkery.trisha', 191, 1),
('cristian87', 34, 0),
('crona.fabian', 195, 1),
('csatterfield', 15, 3),
('cummings.samant', 393, 2),
('cveum', 242, 3),
('dach.carolyn', 31, 3),
('dach.rodolfo', 266, 3),
('dach.tierra', 418, 3),
('dagmar02', 208, 0),
('damaris.halvors', 402, 0),
('damaris61', 471, 3),
('dandre.white', 373, 0),
('dane.howell', 241, 4),
('daniela.raynor', 84, 3),
('daniella.carrol', 115, 3),
('darien52', 326, 2),
('dbernier', 28, 2),
('deangelo.borer', 418, 4),
('dejah.hilll', 330, 2),
('delta.mosciski', 434, 1),
('demetris.lang', 398, 3),
('dena.krajcik', 159, 0),
('dennis.reynolds', 438, 0),
('dennis80', 20, 1),
('deon.haag', 44, 3),
('devante.schinne', 340, 4),
('dfriesen', 158, 0),
('dhammes', 240, 3),
('dibbert.josiane', 246, 3),
('dickens.maia', 306, 3),
('dickens.scot', 207, 1),
('diego.schmidt', 392, 3),
('dietrich.eldora', 271, 2),
('dina55', 204, 0),
('do\'kon', 262, 1),
('donavon00', 279, 3),
('donny67', 192, 4),
('doris20', 121, 4),
('dorris.kuvalis', 30, 3),
('doyle.hettie', 205, 1),
('doyle.neha', 96, 2),
('drew.weimann', 288, 0),
('dubuque.cody', 284, 4),
('dulce.oberbrunn', 294, 2),
('ebahringer', 230, 2),
('ebarrows', 198, 2),
('ebechtelar', 108, 3),
('edgar.schmidt', 367, 2),
('edna.paucek', 252, 3),
('eichmann.meagha', 74, 1),
('ekassulke', 348, 3),
('ekeeling', 97, 2),
('eleanore32', 161, 0),
('elian.waters', 51, 1),
('eliezer62', 47, 3),
('elijah.flatley', 171, 1),
('elinor39', 297, 3),
('elisa.konopelsk', 134, 3),
('ellsworth.hermi', 197, 3),
('elmore33', 163, 4),
('elsa.pouros', 224, 3),
('elvie71', 249, 2),
('emcdermott', 293, 2),
('emmerich.consta', 167, 1),
('emmy86', 213, 2),
('emory41', 490, 1),
('enos95', 394, 1),
('enrico.mueller', 487, 1),
('enrico72', 164, 2),
('eondricka', 72, 0),
('erika.schroeder', 289, 4),
('ethelyn30', 18, 2),
('euna.kirlin', 290, 1),
('eve.beer', 143, 0),
('eve.marquardt', 40, 1),
('fahey.shemar', 260, 2),
('farrell.israel', 37, 3),
('faustino.miller', 333, 2),
('fay26', 239, 2),
('fbayer', 249, 2),
('feest.connie', 109, 2),
('feest.maci', 215, 1),
('feest.reta', 51, 4),
('felix.smitham', 137, 2),
('fhirthe', 328, 3),
('fisher.laura', 365, 3),
('freida21', 160, 1),
('frenner', 235, 3),
('friesen.alfreda', 193, 0),
('funk.cloyd', 205, 2),
('fwalsh', 361, 0),
('fwiza', 276, 3),
('fzulauf', 256, 2),
('garth.langworth', 33, 2),
('gcollier', 161, 2),
('gennaro65', 233, 4),
('georgiana06', 222, 1),
('gerhold.louisa', 231, 0),
('gerlach.evie', 423, 0),
('gerson46', 35, 1),
('ghaley', 319, 0),
('gideon.marquard', 234, 1),
('gladys.lakin', 420, 3),
('glen03', 215, 3),
('glover.kennedi', 371, 3),
('gregoria.reiche', 372, 0),
('gudrun.barrows', 328, 2),
('guillermo.bogis', 103, 0),
('guiseppe33', 372, 1),
('gus47', 190, 3),
('gutkowski.demar', 383, 2),
('gwen26', 293, 1),
('hackett.ernie', 350, 1),
('hagenes.zander', 31, 2),
('hane.michelle', 362, 3),
('hane.sigurd', 40, 2),
('harmony61', 371, 3),
('harry.dubuque', 356, 3),
('harvey.austin', 461, 1),
('hayes.jasen', 61, 2),
('hbradtke', 455, 3),
('heidi.nienow', 28, 4),
('henri75', 303, 3),
('herman.jon', 377, 3),
('herman98', 449, 3),
('herminio.hilll', 372, 4),
('hershel.collier', 90, 0),
('herzog.carrie', 127, 4),
('hettinger.emmet', 340, 1),
('hgottlieb', 61, 1),
('hhills', 124, 3),
('hickle.yasmin', 20, 3),
('hildegard.cassi', 144, 2),
('hilpert.murray', 458, 1),
('hmclaughlin', 417, 2),
('hschinner', 244, 1),
('hudson.alycia', 366, 1),
('hyatt.leopold', 262, 2),
('iborer', 210, 0),
('ibrahim.rodrigu', 55, 0),
('idenesik', 265, 0),
('ilehner', 275, 2),
('imetz', 161, 1),
('imurphy', 401, 2),
('isai53', 263, 1),
('ischaefer', 114, 2),
('istreich', 243, 2),
('iva56', 201, 1),
('jack56', 14, 2),
('jack97', 241, 3),
('jackeline.hagen', 183, 2),
('jackie.sanford', 191, 3),
('jacobson.irma', 407, 1),
('jadams', 204, 3),
('jake04', 356, 4),
('jakubowski.stef', 217, 4),
('jakubowski.verl', 57, 3),
('jalyn94', 52, 4),
('jamir.leannon', 359, 3),
('jan80', 89, 1),
('janessa.wuckert', 291, 1),
('Janusz123', 0, 1),
('jaqueline14', 347, 2),
('jarred.ratke', 27, 3),
('jarret68', 449, 4),
('jarrett26', 157, 2),
('jast.hilda', 486, 1),
('jbashirian', 349, 1),
('jbradtke', 406, 4),
('jdouglas', 488, 2),
('jeanne28', 432, 3),
('jenifer.lowe', 156, 1),
('jenifer58', 193, 4),
('jerde.gladyce', 146, 1),
('jjast', 350, 1),
('jkertzmann', 54, 3),
('jkris', 57, 4),
('jleuschke', 122, 3),
('jo15', 23, 1),
('joanie68', 166, 2),
('joanne.murazik', 343, 1),
('joanny.lockman', 347, 4),
('johnathon80', 379, 2),
('johnnie.bartell', 27, 4),
('johnson.waldo', 180, 3),
('joshuah.lesch', 257, 0),
('jroob', 367, 4),
('jrunte', 238, 4),
('judge.skiles', 225, 1),
('june38', 23, 2),
('justen.pfanners', 348, 4),
('kailyn.feil', 279, 4),
('kari81', 393, 2),
('kassulke.jamey', 68, 0),
('kavon.rau', 342, 4),
('kaycee90', 405, 3),
('kchamplin', 250, 3),
('keegan.haley', 225, 4),
('keith.daniel', 397, 3),
('kelton28', 14, 2),
('kenny04', 374, 2),
('khettinger', 359, 3),
('kiana.parker', 251, 0),
('kianna.stroman', 177, 0),
('kiehn.tremaine', 385, 2),
('king.fredrick', 436, 3),
('kling.woodrow', 378, 2),
('kmoore', 136, 4),
('kody72', 446, 2),
('koepp.hildegard', 145, 3),
('koepp.kay', 336, 0),
('kory.hackett', 319, 4),
('koss.gunnar', 321, 3),
('koss.lilyan', 230, 3),
('kozey.kennith', 446, 1),
('kreiger.alvera', 249, 4),
('kschmidt', 188, 3),
('kshlerin.sonny', 250, 3),
('kunze.velva', 407, 1),
('kurt61', 265, 1),
('kutch.santiago', 156, 3),
('kylie94', 277, 1),
('lacey56', 405, 2),
('laila03', 301, 2),
('laisha.mayert', 289, 3),
('lamar20', 123, 3),
('lane.langworth', 377, 2),
('lang.brant', 169, 0),
('langworth.jimmi', 262, 4),
('larkin.brannon', 55, 0),
('lauretta84', 344, 1),
('lauriane.kuvali', 189, 4),
('laurine.bahring', 358, 3),
('lbartoletti', 386, 4),
('lea84', 16, 3),
('leanna.skiles', 182, 2),
('leda95', 25, 3),
('ledner.damaris', 414, 0),
('lehner.ethan', 320, 3),
('leila89', 360, 1),
('lemke.jason', 2, 1),
('leon38', 184, 1),
('leonard.langosh', 80, 0),
('lessie94', 456, 2),
('leta.bednar', 263, 1),
('leta62', 239, 1),
('lewis.koepp', 406, 3),
('liana82', 252, 2),
('lilly49', 120, 2),
('lincoln.huels', 56, 2),
('lind.woodrow', 291, 3),
('lindgren.kenned', 320, 4),
('lisandro84', 415, 3),
('litzy.fisher', 173, 4),
('litzy92', 323, 2),
('liza42', 261, 4),
('lockman.herman', 333, 1),
('lolita.reilly', 46, 1),
('lolita07', 339, 1),
('lolita54', 70, 2),
('lonzo63', 210, 1),
('lpurdy', 111, 2),
('lueilwitz.madis', 1, 2),
('luella.o\'keefe', 214, 3),
('luettgen.ladari', 78, 1),
('luettgen.yasmin', 230, 2),
('luigi.gleichner', 88, 3),
('luisa.koch', 171, 3),
('luisa.kulas', 171, 3),
('lyost', 77, 2),
('m', 2, 0),
('mack93', 308, 1),
('madonna28', 348, 1),
('maida24', 342, 3),
('mallie.gorczany', 145, 3),
('mandy81', 358, 2),
('mante.dudley', 344, 1),
('Marek1234', 0, 0),
('mariana.streich', 227, 0),
('marisa88', 103, 2),
('marisol80', 253, 3),
('mark62', 396, 3),
('marquardt.dorca', 118, 2),
('mason91', 250, 2),
('mateo94', 445, 3),
('maureen02', 59, 0),
('maximillia.croo', 327, 3),
('maximillia77', 224, 1),
('maximo.reichel', 383, 0),
('may70', 62, 0),
('maye46', 0, 3),
('mccullough.rich', 370, 3),
('mcglynn.trycia', 233, 3),
('meggie82', 328, 4),
('melody67', 103, 2),
('mertz.avis', 370, 1),
('michelle00', 283, 0),
('milan44', 303, 4),
('miles36', 248, 3),
('miller.jerad', 330, 2),
('mitchell.laney', 330, 2),
('mmacejkovic', 169, 4),
('modesto.pouros', 69, 4),
('mona.will', 191, 1),
('montana03', 331, 3),
('mortimer.reinge', 244, 3),
('morton91', 225, 3),
('mosciski.laila', 396, 2),
('murphy.vandervo', 225, 2),
('nader.anya', 48, 2),
('nader.rosamond', 423, 3),
('nakia83', 306, 2),
('nbrekke', 132, 1),
('neha.smith', 289, 2),
('nelson58', 306, 3),
('nfarrell', 353, 2),
('nic ', 0, 0),
('nicolas.karolan', 162, 4),
('nicolas17', 436, 2),
('nitzsche.kenna', 411, 3),
('nmertz', 163, 1),
('nola01', 366, 1),
('norene47', 281, 1),
('o', 20, 3),
('o\'hara.romaine', 496, 1),
('obie.watsica', 280, 2),
('ocartwright', 340, 0),
('odeckow', 314, 2),
('odie92', 320, 3),
('ofelia60', 337, 3),
('ohayes', 219, 3),
('okuneva.hilma', 324, 2),
('ole42', 477, 2),
('olga20', 263, 3),
('omiller', 189, 3),
('omraz', 391, 2),
('ona49', 134, 0),
('oreichert', 366, 1),
('oren.altenwerth', 334, 2),
('orie13', 11, 1),
('orin66', 310, 0),
('ortiz.salma', 258, 1),
('osbaldo42', 363, 4),
('otho34', 267, 3),
('owilliamson', 461, 2),
('owitting', 203, 3),
('oyost', 346, 3),
('p', 0, 0),
('pagac.may', 283, 2),
('parisian.duane', 375, 3),
('parisian.jaden', 239, 2),
('parisian.maribe', 190, 2),
('parker.misty', 244, 3),
('pcole', 232, 0),
('pearline76', 468, 3),
('perry99', 9, 2),
('pfannerstill.an', 186, 1),
('pfeffer.maddiso', 457, 4),
('phermann', 336, 2),
('pmuller', 500, 1),
('ppredovic', 403, 4),
('predovic.candic', 64, 4),
('princess13', 183, 3),
('qanderson', 303, 3),
('qbeier', 130, 2),
('qconnelly', 158, 1),
('qdavis', 398, 3),
('qkassulke', 312, 4),
('qmcclure', 263, 0),
('qschaefer', 184, 2),
('raleigh.gottlie', 118, 1),
('ramiro29', 220, 1),
('randerson', 327, 0),
('raynor.monserra', 355, 3),
('reinhold73', 480, 1),
('ressie.bartell', 136, 0),
('rex.hickle', 121, 1),
('reymundo.haley', 194, 0),
('reynolds.dahlia', 294, 4),
('rharber', 190, 2),
('rhauck', 368, 2),
('rjaskolski', 12, 1),
('rlehner', 318, 3),
('rmante', 213, 2),
('romaine07', 280, 2),
('roman21', 192, 0),
('rosalind.toy', 319, 0),
('rosamond21', 180, 4),
('rowe.neva', 278, 2),
('rritchie', 363, 1),
('ruecker.ralph', 19, 4),
('runolfsdottir.g', 264, 2),
('runolfsdottir.w', 6, 3),
('russel.lillie', 76, 1),
('russell.champli', 363, 4),
('ruth71', 328, 3),
('ryder16', 132, 4),
('s', 0, 0),
('samanta.o\'hara', 94, 1),
('sandrine.dicken', 76, 3),
('sanford.kayli', 96, 2),
('sanford.sylvan', 252, 1),
('sauer.alvera', 133, 3),
('sblanda', 435, 2),
('sblock', 330, 2),
('schiller.kacie', 252, 2),
('schinner.alden', 318, 3),
('schmitt.josh', 343, 2),
('schumm.jamaal', 451, 0),
('schuyler18', 147, 1),
('scotty.gislason', 445, 4),
('sebastian38', 208, 1),
('sedrick27', 412, 2),
('shakira79', 133, 1),
('shanahan.terren', 234, 1),
('shania59', 352, 2),
('shaun48', 219, 1),
('shemar.blick', 39, 3),
('sherwood.eichma', 374, 0),
('shickle', 80, 4),
('sidney.jenkins', 459, 3),
('sierra70', 116, 4),
('sklein', 340, 2),
('slarson', 390, 3),
('sophia.bruen', 199, 0),
('sophie.carroll', 95, 3),
('spinka.khalid', 367, 4),
('stamm.leanne', 234, 2),
('stark.noemy', 308, 1),
('stehr.darron', 291, 2),
('stoltenberg.jea', 333, 3),
('stone.bins', 334, 1),
('susana50', 375, 1),
('sven93', 37, 1),
('swaniawski.roge', 255, 3),
('swift.adaline', 461, 2),
('sylvia.brown', 317, 1),
('szieme', 216, 3),
('tania81', 262, 3),
('tate85', 101, 4),
('taurean.koss', 484, 1),
('taurean.kozey', 130, 3),
('tbaumbach', 3, 3),
('tbecker', 354, 1),
('tbraun', 43, 2),
('tevin.paucek', 207, 4),
('thelma.koch', 142, 1),
('theresa.mante', 68, 3),
('therese58', 356, 2),
('thiel.jeramy', 289, 0),
('thompson.alfred', 255, 4),
('thompson.macey', 137, 2),
('thora.lebsack', 285, 3),
('tianna.wisozk', 64, 0),
('tillman59', 369, 3),
('tleuschke', 328, 3),
('tlynch', 472, 0),
('tomas.denesik', 189, 1),
('Torak123', 85, 18),
('torak28 ', 20, 2),
('torak29', 0, 0),
('torak30 ', 0, 0),
('torphy.aurelio', 383, 3),
('towne.dominic', 89, 4),
('toy.emilie', 135, 3),
('triston.jast', 347, 1),
('tromp.lonzo', 406, 2),
('tyra95', 371, 1),
('tyrese80', 24, 2),
('tzboncak', 262, 3),
('uchamplin', 215, 2),
('uhuels', 384, 2),
('uleannon', 459, 0),
('ulices.murphy', 15, 2),
('upaucek', 180, 3),
('urohan', 19, 2),
('uschuppe', 393, 0),
('uswift', 465, 2),
('uwyman', 233, 2),
('van28', 403, 1),
('vance.kertzmann', 61, 2),
('vcarroll', 351, 3),
('veda.jones', 316, 1),
('velma.homenick', 108, 4),
('vergie.turcotte', 12, 4),
('verona20', 212, 1),
('vgaylord', 153, 3),
('vhudson', 312, 0),
('vicenta.leannon', 263, 0),
('victoria42', 378, 3),
('vito.kunde', 305, 1),
('vivianne.zieme', 264, 1),
('vklein', 187, 0),
('vo\'reilly', 144, 4),
('vonrueden.buste', 245, 3),
('vpredovic', 156, 3),
('vrodriguez', 351, 4),
('vterry', 28, 1),
('vwalsh', 343, 1),
('waldo.nolan', 143, 3),
('walter.paige', 373, 3),
('wanda.hermiston', 494, 3),
('wanda.von', 126, 2),
('waters.juston', 418, 1),
('waylon.windler', 135, 1),
('wconroy', 259, 3),
('weissnat.letiti', 293, 3),
('wellington95', 328, 3),
('westley25', 438, 1),
('wilhelmine.moen', 52, 2),
('wilma.fritsch', 320, 4),
('wilmer.collier', 186, 0),
('wkirlin', 389, 3),
('wmarquardt', 129, 3),
('wolf.edward', 316, 2),
('wolf.tito', 357, 2),
('wolff.lue', 408, 2),
('woodrow.runolfs', 382, 3),
('wreynolds', 416, 2),
('wuckert.asia', 173, 0),
('wunsch.maria', 189, 3),
('wyman.frederick', 37, 0),
('x', 0, 0),
('xgusikowski', 85, 1),
('xnikolaus', 313, 2),
('xthompson', 53, 1),
('xzulauf', 162, 3),
('yasmin18', 234, 1),
('ybalistreri', 68, 0),
('yessenia37', 263, 2),
('yleffler', 194, 1),
('ymertz', 181, 1),
('ypagac', 322, 2),
('ypowlowski', 230, 3),
('ysipes', 185, 1),
('yundt.jade', 338, 1),
('z', 20, 5),
('zane.rowe', 288, 4),
('zboncak.darrin', 66, 2),
('zhyatt', 178, 1),
('zjohns', 369, 1),
('zleffler', 444, 3),
('zrenner', 236, 2),
('zschaden', 203, 3),
('zwuckert', 354, 1);

-- --------------------------------------------------------

--
-- Struktura tabeli dla tabeli `wypozyczenia`
--

CREATE TABLE `wypozyczenia` (
  `login` varchar(15) NOT NULL,
  `id_rower` int(11) DEFAULT NULL,
  `czas` datetime NOT NULL
) ENGINE=InnoDB DEFAULT CHARSET=latin1;

--
-- Zrzut danych tabeli `wypozyczenia`
--

INSERT INTO `wypozyczenia` (`login`, `id_rower`, `czas`) VALUES
('aimee98', 241, '2017-05-23 09:00:00'),
('arthur40', 354, '2017-05-22 17:00:00'),
('berneice15', 206, '2017-05-24 21:00:00'),
('brennon59', 276, '2017-05-25 19:00:00'),
('christ.fisher', 237, '2017-05-21 11:00:00'),
('ciara.maggio', 271, '2017-05-21 07:00:00'),
('cristian87', 246, '2017-05-27 00:00:00'),
('dandre.white', 380, '2017-05-24 06:00:00'),
('dubuque.cody', 291, '2017-05-25 02:00:00'),
('ebahringer', 232, '2017-05-22 21:00:00'),
('edgar.schmidt', 294, '2017-05-21 10:00:00'),
('eve.marquardt', 307, '2017-05-24 06:00:00'),
('farrell.israel', 272, '2017-05-23 17:00:00'),
('fbayer', 328, '2017-05-24 11:00:00'),
('gennaro65', 205, '2017-05-21 10:00:00'),
('gerson46', 234, '2017-05-27 14:00:00'),
('hane.sigurd', 346, '2017-05-26 10:00:00'),
('herminio.hilll', 377, '2017-05-22 19:00:00'),
('hershel.collier', 363, '2017-05-24 08:00:00'),
('hudson.alycia', 339, '2017-05-22 10:00:00'),
('janessa.wuckert', 321, '2017-05-23 20:00:00'),
('jaqueline14', 268, '2017-05-22 23:00:00'),
('jjast', 305, '2017-05-25 10:00:00'),
('joanny.lockman', 252, '2017-05-22 11:00:00'),
('judge.skiles', 286, '2017-05-27 23:00:00'),
('kailyn.feil', 226, '2017-05-22 03:00:00'),
('kassulke.jamey', 311, '2017-05-26 09:00:00'),
('kelton28', 382, '2017-05-23 19:00:00'),
('king.fredrick', 330, '2017-05-21 23:00:00'),
('kory.hackett', 200, '2017-05-21 09:00:00'),
('lang.brant', 287, '2017-05-27 10:00:00'),
('larkin.brannon', 332, '2017-05-22 08:00:00'),
('leanna.skiles', 219, '2017-05-23 12:00:00'),
('leon38', 304, '2017-05-24 23:00:00'),
('lilly49', 385, '2017-05-25 02:00:00'),
('lind.woodrow', 314, '2017-05-24 02:00:00'),
('lpurdy', 316, '2017-05-24 20:00:00'),
('luisa.koch', 340, '2017-05-23 12:00:00'),
('marisa88', 217, '2017-05-25 06:00:00'),
('mateo94', 289, '2017-05-25 06:00:00'),
('maximillia77', 233, '2017-05-24 20:00:00'),
('michelle00', 333, '2017-05-24 21:00:00'),
('montana03', 290, '2017-05-22 23:00:00'),
('nader.anya', 312, '2017-05-24 20:00:00'),
('neha.smith', 273, '2017-05-26 13:00:00'),
('nicolas17', 203, '2017-05-22 17:00:00'),
('odie92', 344, '2017-05-22 04:00:00'),
('orin66', 324, '2017-05-26 14:00:00'),
('ortiz.salma', 223, '2017-05-27 21:00:00'),
('owilliamson', 230, '2017-05-22 20:00:00'),
('parisian.duane', 327, '2017-05-26 11:00:00'),
('princess13', 351, '2017-05-24 06:00:00'),
('qanderson', 373, '2017-05-26 23:00:00'),
('rmante', 274, '2017-05-26 17:00:00'),
('ruth71', 265, '2017-05-26 11:00:00'),
('sanford.sylvan', 248, '2017-05-26 07:00:00'),
('schiller.kacie', 239, '2017-05-24 13:00:00'),
('sedrick27', 361, '2017-05-26 22:00:00'),
('stamm.leanne', 318, '2017-05-23 20:00:00'),
('sven93', 228, '2017-05-23 11:00:00'),
('tyrese80', 374, '2017-05-26 17:00:00'),
('ulices.murphy', 388, '2017-05-26 02:00:00'),
('upaucek', 378, '2017-05-25 12:00:00'),
('uswift', 348, '2017-05-23 12:00:00'),
('vo\'reilly', 393, '2017-05-27 05:00:00'),
('wconroy', 375, '2017-05-24 19:00:00'),
('wellington95', 399, '2017-05-22 17:00:00'),
('wkirlin', 309, '2017-05-24 01:00:00'),
('yessenia37', 224, '2017-05-26 18:00:00'),
('ypagac', 245, '2017-05-22 05:00:00');

-- --------------------------------------------------------

--
-- Struktura tabeli dla tabeli `zapiecia`
--

CREATE TABLE `zapiecia` (
  `id_zapiecia` int(11) NOT NULL,
  `id_stacji` int(11) DEFAULT NULL
) ENGINE=InnoDB DEFAULT CHARSET=latin1;

--
-- Zrzut danych tabeli `zapiecia`
--

INSERT INTO `zapiecia` (`id_zapiecia`, `id_stacji`) VALUES
(1, 1),
(2, 1),
(3, 1),
(4, 1),
(5, 1),
(6, 1),
(7, 1),
(8, 1),
(9, 1),
(10, 1),
(11, 1),
(12, 1),
(13, 1),
(14, 1),
(15, 1),
(16, 1),
(17, 1),
(18, 1),
(19, 1),
(20, 1),
(21, 2),
(22, 2),
(23, 2),
(24, 2),
(25, 2),
(26, 2),
(27, 2),
(28, 2),
(29, 2),
(30, 2),
(31, 2),
(32, 2),
(33, 2),
(34, 2),
(35, 2),
(36, 2),
(37, 2),
(38, 2),
(39, 2),
(40, 2),
(41, 3),
(42, 3),
(43, 3),
(44, 3),
(45, 3),
(46, 3),
(47, 3),
(48, 3),
(49, 3),
(50, 3),
(51, 3),
(52, 3),
(53, 3),
(54, 3),
(55, 3),
(56, 3),
(57, 3),
(58, 3),
(59, 3),
(60, 3),
(61, 4),
(62, 4),
(63, 4),
(64, 4),
(65, 4),
(66, 4),
(67, 4),
(68, 4),
(69, 4),
(70, 4),
(71, 4),
(72, 4),
(73, 4),
(74, 4),
(75, 4),
(76, 4),
(77, 4),
(78, 4),
(79, 4),
(80, 4),
(81, 5),
(82, 5),
(83, 5),
(84, 5),
(85, 5),
(86, 5),
(87, 5),
(88, 5),
(89, 5),
(90, 5),
(91, 5),
(92, 5),
(93, 5),
(94, 5),
(95, 5),
(96, 5),
(97, 5),
(98, 5),
(99, 5),
(100, 5),
(101, 6),
(102, 6),
(103, 6),
(104, 6),
(105, 6),
(106, 6),
(107, 6),
(108, 6),
(109, 6),
(110, 6),
(111, 6),
(112, 6),
(113, 6),
(114, 6),
(115, 6),
(116, 6),
(117, 6),
(118, 6),
(119, 6),
(120, 6),
(121, 7),
(122, 7),
(123, 7),
(124, 7),
(125, 7),
(126, 7),
(127, 7),
(128, 7),
(129, 7),
(130, 7),
(131, 7),
(132, 7),
(133, 7),
(134, 7),
(135, 7),
(136, 7),
(137, 7),
(138, 7),
(139, 7),
(140, 7),
(141, 8),
(142, 8),
(143, 8),
(144, 8),
(145, 8),
(146, 8),
(147, 8),
(148, 8),
(149, 8),
(150, 8),
(151, 8),
(152, 8),
(153, 8),
(154, 8),
(155, 8),
(156, 8),
(157, 8),
(158, 8),
(159, 8),
(160, 8),
(161, 9),
(162, 9),
(163, 9),
(164, 9),
(165, 9),
(166, 9),
(167, 9),
(168, 9),
(169, 9),
(170, 9),
(171, 9),
(172, 9),
(173, 9),
(174, 9),
(175, 9),
(176, 9),
(177, 9),
(178, 9),
(179, 9),
(180, 9),
(181, 10),
(182, 10),
(183, 10),
(184, 10),
(185, 10),
(186, 10),
(187, 10),
(188, 10),
(189, 10),
(190, 10),
(191, 10),
(192, 10),
(193, 10),
(194, 10),
(195, 10),
(196, 10),
(197, 10),
(198, 10),
(199, 10),
(200, 10),
(201, 11),
(202, 11),
(203, 11),
(204, 11),
(205, 11),
(206, 11),
(207, 11),
(208, 11),
(209, 11),
(210, 11),
(211, 11),
(212, 11),
(213, 11),
(214, 11),
(215, 11),
(216, 11),
(217, 11),
(218, 11),
(219, 11),
(220, 11),
(221, 12),
(222, 12),
(223, 12),
(224, 12),
(225, 12),
(226, 12),
(227, 12),
(228, 12),
(229, 12),
(230, 12),
(231, 12),
(232, 12),
(233, 12),
(234, 12),
(235, 12),
(236, 12),
(237, 12),
(238, 12),
(239, 12),
(240, 12),
(241, 13),
(242, 13),
(243, 13),
(244, 13),
(245, 13),
(246, 13),
(247, 13),
(248, 13),
(249, 13),
(250, 13),
(251, 13),
(252, 13),
(253, 13),
(254, 13),
(255, 13),
(256, 13),
(257, 13),
(258, 13),
(259, 13),
(260, 13),
(261, 14),
(262, 14),
(263, 14),
(264, 14),
(265, 14),
(266, 14),
(267, 14),
(268, 14),
(269, 14),
(270, 14),
(271, 14),
(272, 14),
(273, 14),
(274, 14),
(275, 14),
(276, 14),
(277, 14),
(278, 14),
(279, 14),
(280, 14),
(281, 15),
(282, 15),
(283, 15),
(284, 15),
(285, 15),
(286, 15),
(287, 15),
(288, 15),
(289, 15),
(290, 15),
(291, 15),
(292, 15),
(293, 15),
(294, 15),
(295, 15),
(296, 15),
(297, 15),
(298, 15),
(299, 15),
(300, 15),
(301, 16),
(302, 16),
(303, 16),
(304, 16),
(305, 16),
(306, 16),
(307, 16),
(308, 16),
(309, 16),
(310, 16),
(311, 16),
(312, 16),
(313, 16),
(314, 16),
(315, 16),
(316, 16),
(317, 16),
(318, 16),
(319, 16),
(320, 16),
(321, 17),
(322, 17),
(323, 17),
(324, 17),
(325, 17),
(326, 17),
(327, 17),
(328, 17),
(329, 17),
(330, 17),
(331, 17),
(332, 17),
(333, 17),
(334, 17),
(335, 17),
(336, 17),
(337, 17),
(338, 17),
(339, 17),
(340, 17),
(341, 18),
(342, 18),
(343, 18),
(344, 18),
(345, 18),
(346, 18),
(347, 18),
(348, 18),
(349, 18),
(350, 18),
(351, 18),
(352, 18),
(353, 18),
(354, 18),
(355, 18),
(356, 18),
(357, 18),
(358, 18),
(359, 18),
(360, 18),
(361, 19),
(362, 19),
(363, 19),
(364, 19),
(365, 19),
(366, 19),
(367, 19),
(368, 19),
(369, 19),
(370, 19),
(371, 19),
(372, 19),
(373, 19),
(374, 19),
(375, 19),
(376, 19),
(377, 19),
(378, 19),
(379, 19),
(380, 19),
(381, 20),
(382, 20),
(383, 20),
(384, 20),
(385, 20),
(386, 20),
(387, 20),
(388, 20),
(389, 20),
(390, 20),
(391, 20),
(392, 20),
(393, 20),
(394, 20),
(395, 20),
(396, 20),
(397, 20),
(398, 20),
(399, 20),
(400, 20);

--
-- Indeksy dla zrzutw tabel
--

--
-- Indexes for table `admin`
--
ALTER TABLE `admin`
  ADD PRIMARY KEY (`login`),
  ADD UNIQUE KEY `login_UNIQUE` (`login`);

--
-- Indexes for table `awarie`
--
ALTER TABLE `awarie`
  ADD PRIMARY KEY (`id_awarii`),
  ADD UNIQUE KEY `id_awarii_UNIQUE` (`id_awarii`);

--
-- Indexes for table `konto`
--
ALTER TABLE `konto`
  ADD PRIMARY KEY (`login`),
  ADD UNIQUE KEY `login_UNIQUE` (`login`),
  ADD UNIQUE KEY `email_UNIQUE` (`mail`);

--
-- Indexes for table `markers`
--
ALTER TABLE `markers`
  ADD PRIMARY KEY (`id`);

--
-- Indexes for table `przypisania_awarii`
--
ALTER TABLE `przypisania_awarii`
  ADD PRIMARY KEY (`id_awarii`),
  ADD UNIQUE KEY `id_awarii_UNIQUE` (`id_awarii`),
  ADD KEY `fk_toserwis_idx` (`id_serwis`);

--
-- Indexes for table `rower`
--
ALTER TABLE `rower`
  ADD PRIMARY KEY (`id_roweru`),
  ADD UNIQUE KEY `id_roweru_UNIQUE` (`id_roweru`),
  ADD KEY `fk_zapiecia_idx` (`id_zapiecia`);

--
-- Indexes for table `serwisanci`
--
ALTER TABLE `serwisanci`
  ADD UNIQUE KEY `id_serwis_UNIQUE` (`id_serwis`),
  ADD UNIQUE KEY `login_UNIQUE` (`login`);

--
-- Indexes for table `stacja`
--
ALTER TABLE `stacja`
  ADD PRIMARY KEY (`id_stacji`),
  ADD UNIQUE KEY `id_stacji_UNIQUE` (`id_stacji`);

--
-- Indexes for table `uzytkownik`
--
ALTER TABLE `uzytkownik`
  ADD PRIMARY KEY (`login`),
  ADD UNIQUE KEY `login_UNIQUE` (`login`);

--
-- Indexes for table `wypozyczenia`
--
ALTER TABLE `wypozyczenia`
  ADD KEY `fk_wypozyczenia_idx` (`id_rower`);

--
-- Indexes for table `zapiecia`
--
ALTER TABLE `zapiecia`
  ADD PRIMARY KEY (`id_zapiecia`),
  ADD UNIQUE KEY `id_zapiecia_UNIQUE` (`id_zapiecia`),
  ADD KEY `fk_zapiecia_idx` (`id_stacji`);

--
-- AUTO_INCREMENT for dumped tables
--

--
-- AUTO_INCREMENT dla tabeli `awarie`
--
ALTER TABLE `awarie`
  MODIFY `id_awarii` int(11) NOT NULL AUTO_INCREMENT, AUTO_INCREMENT=308;
--
-- AUTO_INCREMENT dla tabeli `markers`
--
ALTER TABLE `markers`
  MODIFY `id` int(11) NOT NULL AUTO_INCREMENT, AUTO_INCREMENT=51;
--
-- Ograniczenia dla zrzutw tabel
--

--
-- Ograniczenia dla tabeli `admin`
--
ALTER TABLE `admin`
  ADD CONSTRAINT `admin_fk` FOREIGN KEY (`login`) REFERENCES `konto` (`login`) ON DELETE NO ACTION ON UPDATE NO ACTION;

--
-- Ograniczenia dla tabeli `przypisania_awarii`
--
ALTER TABLE `przypisania_awarii`
  ADD CONSTRAINT `fk_toserwis` FOREIGN KEY (`id_serwis`) REFERENCES `serwisanci` (`id_serwis`) ON DELETE NO ACTION ON UPDATE NO ACTION,
  ADD CONSTRAINT `przypisanie_fk_toawaria` FOREIGN KEY (`id_awarii`) REFERENCES `awarie` (`id_awarii`) ON DELETE NO ACTION ON UPDATE NO ACTION;

--
-- Ograniczenia dla tabeli `rower`
--
ALTER TABLE `rower`
  ADD CONSTRAINT `fk_zapiecia` FOREIGN KEY (`id_zapiecia`) REFERENCES `zapiecia` (`id_zapiecia`) ON DELETE NO ACTION ON UPDATE NO ACTION;

--
-- Ograniczenia dla tabeli `serwisanci`
--
ALTER TABLE `serwisanci`
  ADD CONSTRAINT `konto_fk` FOREIGN KEY (`login`) REFERENCES `konto` (`login`) ON DELETE NO ACTION ON UPDATE NO ACTION;

--
-- Ograniczenia dla tabeli `uzytkownik`
--
ALTER TABLE `uzytkownik`
  ADD CONSTRAINT `uzytkownik_fk_tokonto` FOREIGN KEY (`login`) REFERENCES `konto` (`login`) ON DELETE NO ACTION ON UPDATE NO ACTION;

--
-- Ograniczenia dla tabeli `wypozyczenia`
--
ALTER TABLE `wypozyczenia`
  ADD CONSTRAINT `fk_wypozyczenia` FOREIGN KEY (`id_rower`) REFERENCES `rower` (`id_roweru`) ON DELETE NO ACTION ON UPDATE NO ACTION;

--
-- Ograniczenia dla tabeli `zapiecia`
--
ALTER TABLE `zapiecia`
  ADD CONSTRAINT `fk_stacja` FOREIGN KEY (`id_stacji`) REFERENCES `stacja` (`id_stacji`) ON DELETE NO ACTION ON UPDATE NO ACTION;

/*!40101 SET CHARACTER_SET_CLIENT=@OLD_CHARACTER_SET_CLIENT */;
/*!40101 SET CHARACTER_SET_RESULTS=@OLD_CHARACTER_SET_RESULTS */;
/*!40101 SET COLLATION_CONNECTION=@OLD_COLLATION_CONNECTION */;
